President,Election,poll_slug,survey_house,poll_id,Democrat,Republican,Undecided/Other,start_date,end_date,days_after_inaug,days_before_election,N,Internet,IVR,dem_pollster,rep_pollster,Adults,Registered,Likely
Trump,2018,yougov-economist-28644,YouGov/Economist,28644,42,39,19,2018-05-27,2018-05-29,493,162,1279,1,0,0,0,0,1,0
Trump,2018,yougov-economist-28636,YouGov/Economist,28636,43,38,20,2018-05-20,2018-05-22,486,169,1263,1,0,0,0,0,1,0
Trump,2018,ipsos-reuters-28637,Ipsos/Reuters,28637,40,37,23,2018-05-18,2018-05-22,485,170,1080,1,0,0,0,0,1,0
Trump,2018,politico-morning-consult-28642,Politico/Morning Consult,28642,42,36,22,2018-05-17,2018-05-19,483,172,1990,1,0,0,0,0,1,0
Trump,2018,yougov-economist-28627,YouGov/Economist,28627,42,37,22,2018-05-13,2018-05-15,479,176,1231,1,0,0,0,0,1,0
Trump,2018,ipsos-reuters-28628,Ipsos/Reuters,28628,38,37,25,2018-05-11,2018-05-15,478,177,1290,1,0,0,0,0,1,0
Trump,2018,politico-morning-consult-28630,Politico/Morning Consult,28630,43,38,19,2018-05-10,2018-05-14,477,178,1998,1,0,0,0,0,1,0
Trump,2018,yougov-economist-28612,YouGov/Economist,28612,44,35,21,2018-05-06,2018-05-08,472,183,1232,1,0,0,0,0,1,0
Trump,2018,ipsos-reuters-28618,Ipsos/Reuters,28618,39,38,24,2018-05-04,2018-05-08,471,184,1171,1,0,0,0,0,1,0
Trump,2018,politico-morning-consult-28620,Politico/Morning Consult,28620,42,35,23,2018-05-03,2018-05-07,470,185,1992,1,0,0,0,0,1,0
Trump,2018,cnn-28613,CNN,28613,47,44,8,2018-05-02,2018-05-05,468.5,186.5,901,0,0,0,0,0,1,0
Trump,2018,yougov-economist-28598,YouGov/Economist,28598,42,39,18,2018-04-29,2018-05-01,465,190,1273,1,0,0,0,0,1,0
Trump,2018,ipsos-reuters-28605,Ipsos/Reuters,28605,43,37,19,2018-04-27,2018-05-01,464,191,1337,1,0,0,0,0,1,0
Trump,2018,politico-morning-consult-28602,Politico/Morning Consult,28602,43,34,23,2018-04-26,2018-05-01,463.5,191.5,1991,1,0,0,0,0,1,0
Trump,2018,pew-28601,Pew,28601,48,43,9,2018-04-25,2018-05-01,463,192,1221,0,0,0,0,0,1,0
Trump,2018,monmouth-university-28600,Monmouth University,28600,49,41,10,2018-04-26,2018-04-30,463,192,681,0,0,0,0,0,1,0
Trump,2018,harris-harvard-28626,Harris/Harvard,28626,43,34,22,2018-04-22,2018-04-24,458,197,1549,1,0,0,0,0,1,0
Trump,2018,yougov-economist-28585,YouGov/Economist,28585,43,38,20,2018-04-22,2018-04-24,458,197,1270,1,0,0,0,0,1,0
Trump,2018,ipsos-reuters-28589,Ipsos/Reuters,28589,45,34,22,2018-04-20,2018-04-24,457,198,1248,1,0,0,0,0,1,0
Trump,2018,politico-morning-consult-28587,Politico/Morning Consult,28587,44,35,21,2018-04-19,2018-04-23,456,199,1993,1,0,0,0,0,1,0
Trump,2018,yougov-economist-28574,YouGov/Economist,28574,43,38,19,2018-04-15,2018-04-17,451,204,1274,1,0,0,0,0,1,0
Trump,2018,ipsos-reuters-28575,Ipsos/Reuters,28575,44,34,21,2018-04-13,2018-04-17,450,205,1238,1,0,0,0,0,1,0
Trump,2018,npr-pbs-newshour-marist-28577,NPR/PBS NewsHour/Marist,28577,44,39,17,2018-04-10,2018-04-13,446.5,208.5,827,0,0,0,0,0,1,0
Trump,2018,abc-post-28571,ABC/Post,28571,47,43,9,2018-04-08,2018-04-11,444.5,210.5,865,0,0,0,0,0,1,0
Trump,2018,yougov-economist-28561,YouGov/Economist,28561,44,36,20,2018-04-08,2018-04-10,444,211,1292,1,0,0,0,0,1,0
Trump,2018,ipsos-reuters-28564,Ipsos/Reuters,28564,38,30,33,2018-04-06,2018-04-10,443,212,1219,1,0,0,0,0,1,0
Trump,2018,politico-morning-consult-28566,Politico/Morning Consult,28566,42,36,22,2018-04-05,2018-04-07,441,214,1994,1,0,0,0,0,1,0
Trump,2018,yougov-economist-28550,YouGov/Economist,28550,43,36,21,2018-04-01,2018-04-03,437,218,1246,1,0,0,0,0,1,0
Trump,2018,ipsos-reuters-28553,Ipsos/Reuters,28553,43,34,23,2018-03-30,2018-04-03,436,219,1519,1,0,0,0,0,1,0
Trump,2018,politico-morning-consult-28552,Politico/Morning Consult,28552,41,37,21,2018-03-29,2018-04-01,434.5,220.5,1997,1,0,0,0,0,1,0
Trump,2018,politico-morning-consult-28540,Politico/Morning Consult,28540,41,37,22,2018-03-26,2018-03-27,430.5,224.5,1997,1,0,0,0,0,1,0
Trump,2018,yougov-economist-28539,YouGov/Economist,28539,42,35,23,2018-03-25,2018-03-27,430,225,1330,1,0,0,0,0,1,0
Trump,2018,ipsos-reuters-28542,Ipsos/Reuters,28542,42,35,22,2018-03-23,2018-03-27,429,226,1337,1,0,0,0,0,1,0
Trump,2018,ppp-d-28532,PPP (D),28532,50,39,11,2018-03-23,2018-03-25,428,227,846,0,1,1,0,0,0,1
Trump,2018,cnn-28543,CNN,28543,50,44,7,2018-03-22,2018-03-25,427.5,227.5,913,0,0,0,0,0,1,0
Trump,2018,marist-28530,Marist,28530,44,39,18,2018-03-19,2018-03-21,424,231,1015,0,0,0,0,0,1,0
Trump,2018,fox-28526,FOX,28526,46,41,13,2018-03-18,2018-03-21,423.5,231.5,1914,0,0,0,0,0,1,0
Trump,2018,yougov-economist-28519,YouGov/Economist,28519,44,38,18,2018-03-18,2018-03-20,423,232,1284,1,0,0,0,0,1,0
Trump,2018,ipsos-reuters-28520,Ipsos/Reuters,28520,40,37,22,2018-03-16,2018-03-20,422,233,1337,1,0,0,0,0,1,0
Trump,2018,politico-morning-consult-28521,Politico/Morning Consult,28521,42,38,20,2018-03-15,2018-03-19,421,234,1994,1,0,0,0,0,1,0
Trump,2018,yougov-economist-28505,YouGov/Economist,28505,43,38,18,2018-03-10,2018-03-13,415.5,239.5,1291,1,0,0,0,0,1,0
Trump,2018,ipsos-reuters-28506,Ipsos/Reuters,28506,38,30,33,2018-03-09,2018-03-13,415,240,1411,1,0,0,0,1,0,0
Trump,2018,politico-morning-consult-28507,Politico/Morning Consult,28507,43,36,21,2018-03-08,2018-03-12,414,241,1997,1,0,0,0,0,1,0
Trump,2018,gwu-battleground-28503,GWU/Battleground,28503,49,40,12,2018-03-04,2018-03-08,410,245,1000,0,0,0,0,0,1,0
Trump,2018,yougov-economist-28491,YouGov/Economist,28491,43,37,20,2018-03-04,2018-03-06,409,246,1310,1,0,0,0,0,1,0
Trump,2018,ipsos-reuters-28497,Ipsos/Reuters,28497,38,31,30,2018-03-02,2018-03-06,408,247,2927,1,0,0,0,1,0,0
Trump,2018,monmouth-university-28493,Monmouth University,28493,50,41,11,2018-03-02,2018-03-05,407.5,247.5,708,0,0,0,0,0,1,0
Trump,2018,politico-morning-consult-28494,Politico/Morning Consult,28494,44,37,19,2018-03-01,2018-03-05,407,248,1991,1,0,0,0,0,1,0
Trump,2018,yougov-economist-28480,YouGov/Economist,28480,40,38,21,2018-02-25,2018-02-27,402,253,1296,1,0,0,0,0,1,0
Trump,2018,ipsos-reuters-28484,Ipsos/Reuters,28484,37,31,31,2018-02-23,2018-02-27,401,254,1651,1,0,0,0,1,0,0
Trump,2018,politico-morning-consult-28481,Politico/Morning Consult,28481,41,39,20,2018-02-22,2018-02-26,400,255,1992,1,0,0,0,0,1,0
Trump,2018,suffolk-usa-today-28476,Suffolk/USA Today,28476,47,32,20,2018-02-20,2018-02-24,398,257,1000,0,0,0,0,0,1,0
Trump,2018,cnn-28475,CNN,28475,54,38,8,2018-02-20,2018-02-23,397.5,257.5,909,0,0,0,0,0,1,0
Trump,2018,marist-28468,Marist,28468,46,39,16,2018-02-20,2018-02-21,396.5,258.5,819,0,0,0,0,0,1,0
Trump,2018,yougov-economist-28463,YouGov/Economist,28463,43,35,21,2018-02-18,2018-02-20,395,260,1308,1,0,0,0,0,1,0
Trump,2018,ipsos-reuters-28465,Ipsos/Reuters,28465,38,30,33,2018-02-16,2018-02-20,394,261,1104,1,0,0,0,1,0,0
Trump,2018,yougov-economist-28452,YouGov/Economist,28452,42,38,20,2018-02-11,2018-02-13,388,267,1280,1,0,0,0,0,1,0
Trump,2018,ipsos-reuters-28454,Ipsos/Reuters,28454,39,30,31,2018-02-09,2018-02-13,387,268,1515,1,0,0,0,1,0,0
Trump,2018,politico-morning-consult-28453,Politico/Morning Consult,28453,38,39,23,2018-02-08,2018-02-12,386,269,1985,1,0,0,0,0,1,0
Trump,2018,ppp-d-28472,PPP (D),28472,49,41,10,2018-02-09,2018-02-11,386,269,687,0,1,1,0,0,0,1
Trump,2018,marist-28446,Marist,28446,49,38,13,2018-02-05,2018-02-07,382,273,807,0,0,0,0,0,1,0
Trump,2018,yougov-economist-28439,YouGov/Economist,28439,43,37,19,2018-02-04,2018-02-06,381,274,1320,1,0,0,0,0,1,0
Trump,2018,ipsos-reuters-28443,Ipsos/Reuters,28443,38,31,31,2018-02-02,2018-02-06,380,275,3110,1,0,0,0,1,0,0
Trump,2018,politico-morning-consult-28441,Politico/Morning Consult,28441,42,38,19,2018-02-01,2018-02-04,378.5,276.5,1985,1,0,0,0,0,1,0
Trump,2018,nbc-surveymonkey-28433,NBC/SurveyMonkey,28433,45,39,16,2018-01-30,2018-02-01,376,279,4424,1,0,0,0,1,0,0
Trump,2018,monmouth-university-28425,Monmouth University,28425,47,45,8,2018-01-28,2018-01-30,374,281,711,0,0,0,0,0,1,0
Trump,2018,yougov-economist-28424,YouGov/Economist,28424,42,37,21,2018-01-28,2018-01-30,374,281,1264,1,0,0,0,0,1,0
Trump,2018,ipsos-reuters-28429,Ipsos/Reuters,28429,37,31,31,2018-01-26,2018-01-30,373,282,2981,1,0,0,0,1,0,0
Trump,2018,yougov-economist-28412,YouGov/Economist,28412,41,37,21,2018-01-21,2018-01-23,367,288,1301,1,0,0,0,0,1,0
Trump,2018,ipsos-reuters-28417,Ipsos/Reuters,28417,38,30,31,2018-01-19,2018-01-23,366,289,2981,1,0,0,0,1,0,0
Trump,2018,politico-morning-consult-28426,Politico/Morning Consult,28426,43,37,20,2018-01-20,2018-01-21,365.5,289.5,1997,1,0,0,0,0,1,0
Trump,2018,politico-morning-consult-28427,Politico/Morning Consult,28427,42,37,21,2018-01-18,2018-01-20,364,291,1994,1,0,0,0,0,1,0
Trump,2018,abc-post-28410,ABC/Post,28410,51,39,10,2018-01-15,2018-01-18,361.5,293.5,846,0,0,0,0,0,1,0
Trump,2018,cnn-28414,CNN,28414,51,41,9,2018-01-14,2018-01-18,361,294,913,0,0,0,0,0,1,0
Trump,2018,yougov-economist-28393,YouGov/Economist,28393,42,36,23,2018-01-14,2018-01-16,360,295,1327,1,0,0,0,0,1,0
Trump,2018,ipsos-reuters-28397,Ipsos/Reuters,28397,37,32,31,2018-01-12,2018-01-16,359,296,1638,1,0,0,0,1,0,0
Trump,2018,politico-morning-consult-28395,Politico/Morning Consult,28395,41,38,21,2018-01-11,2018-01-16,358.5,296.5,1993,1,0,0,0,0,1,0
Trump,2018,pew-28399,Pew,28399,53,39,8,2018-01-10,2018-01-15,357.5,297.5,1215,0,0,0,0,0,1,0
Trump,2018,npr-pbs-newshour-marist-28402,NPR/PBS NewsHour/Marist,28402,46,40,15,2018-01-08,2018-01-10,354,301,1092,0,0,0,0,0,1,0
Trump,2018,yougov-economist-28383,YouGov/Economist,28383,44,37,19,2018-01-08,2018-01-09,353.5,301.5,1327,1,0,0,0,0,1,0
Trump,2018,ipsos-reuters-28386,Ipsos/Reuters,28386,40,31,29,2018-01-05,2018-01-09,352,303,2492,1,0,0,0,1,0,0
Trump,2018,politico-morning-consult-28387,Politico/Morning Consult,28387,44,36,20,2018-01-04,2018-01-05,349.5,305.5,1991,1,0,0,0,0,1,0
Trump,2018,yougov-economist-28373,YouGov/Economist,28373,42,36,22,2017-12-31,2018-01-02,346,309,1236,1,0,0,0,0,1,0
Trump,2018,ipsos-reuters-28374,Ipsos/Reuters,28374,38,31,31,2017-12-29,2018-01-02,345,310,2492,1,0,0,0,1,0,0
Trump,2018,yougov-economist-28364,YouGov/Economist,28364,44,36,21,2017-12-24,2017-12-26,339,316,1236,1,0,0,0,0,1,0
Trump,2018,yougov-economist-28351,YouGov/Economist,28351,44,35,22,2017-12-17,2017-12-19,332,323,1291,1,0,0,0,0,1,0
Trump,2018,ipsos-reuters-28357,Ipsos/Reuters,28357,39,27,34,2017-12-15,2017-12-19,331,324,2492,1,0,0,0,1,0,0
Trump,2018,politico-morning-consult-28356,Politico/Morning Consult,28356,44,34,23,2017-12-14,2017-12-18,330,325,1991,1,0,0,0,0,1,0
Trump,2018,cnn-28352,CNN,28352,56,38,6,2017-12-14,2017-12-17,329.5,325.5,898,0,0,0,0,0,1,0
Trump,2018,ppp-d-28338,PPP (D),28338,51,40,9,2017-12-11,2017-12-12,325.5,329.5,862,0,1,1,0,0,0,1
Trump,2018,yougov-economist-28331,YouGov/Economist,28331,44,36,21,2017-12-10,2017-12-12,325,330,1328,1,0,0,0,0,1,0
Trump,2018,monmouth-university-28330,Monmouth University,28330,51,36,13,2017-12-10,2017-12-12,325,330,702,0,0,0,0,0,1,0
Trump,2018,ipsos-reuters-28335,Ipsos/Reuters,28335,37,29,34,2017-12-08,2017-12-12,324,331,1572,1,0,0,0,1,0,0
Trump,2018,politico-morning-consult-28332,Politico/Morning Consult,28332,41,36,23,2017-12-08,2017-12-11,323.5,331.5,1955,1,0,0,0,0,1,0
Trump,2018,marist-28325,Marist,28325,50,37,14,2017-12-04,2017-12-07,319.5,335.5,1079,0,0,0,0,0,1,0
Trump,2018,yougov-economist-28309,YouGov/Economist,28309,42,36,22,2017-12-03,2017-12-05,318,337,1337,1,0,0,0,0,1,0
Trump,2018,ipsos-reuters-28313,Ipsos/Reuters,28313,37,31,32,2017-12-01,2017-12-05,317,338,1572,1,0,0,0,1,0,0
Trump,2018,politico-morning-consult-28310,Politico/Morning Consult,28310,40,38,23,2017-12-01,2017-12-03,316,339,1997,1,0,0,0,0,1,0
Trump,2018,yougov-economist-28290,YouGov/Economist,28290,41,35,24,2017-11-26,2017-11-28,311,344,1313,1,0,0,0,0,1,0
Trump,2018,ipsos-reuters-28291,Ipsos/Reuters,28291,36,30,34,2017-11-24,2017-11-28,310,345,1572,1,0,0,0,1,0,0
Trump,2018,politico-morning-consult-28292,Politico/Morning Consult,28292,42,36,22,2017-11-21,2017-11-25,307,348,1994,1,0,0,0,0,1,0
Trump,2018,ipsos-reuters-28278,Ipsos/Reuters,28278,37,28,34,2017-11-17,2017-11-22,303.5,351.5,1572,1,0,0,0,1,0,0
Trump,2018,yougov-economist-28274,YouGov/Economist,28274,42,33,25,2017-11-19,2017-11-21,304,351,1333,1,0,0,0,0,1,0
Trump,2018,politico-morning-consult-28275,Politico/Morning Consult,28275,43,36,21,2017-11-16,2017-11-19,301.5,353.5,2586,1,0,0,0,0,1,0
Trump,2018,npr-pbs-newshour-marist-28273,NPR/PBS NewsHour/Marist,28273,43,40,16,2017-11-13,2017-11-15,298,357,802,0,0,0,0,0,1,0
Trump,2018,yougov-economist-28256,YouGov/Economist,28256,42,34,24,2017-11-12,2017-11-14,297,358,1277,1,0,0,0,0,1,0
Trump,2018,ipsos-reuters-28260,Ipsos/Reuters,28260,38,31,32,2017-11-10,2017-11-14,296,359,1572,1,0,0,0,1,0,0
Trump,2018,politico-morning-consult-28255,Politico/Morning Consult,28255,44,36,20,2017-11-09,2017-11-11,294,361,1993,1,0,0,0,0,1,0
Trump,2018,marist-28253,Marist,28253,51,36,14,2017-11-06,2017-11-09,291.5,363.5,850,0,0,0,0,0,1,0
Trump,2018,yougov-economist-28238,YouGov/Economist,28238,40,33,27,2017-11-05,2017-11-07,290,365,1329,1,0,0,0,0,1,0
Trump,2018,ipsos-reuters-28239,Ipsos/Reuters,28239,38,30,32,2017-11-03,2017-11-07,289,366,1572,1,0,0,0,1,0,0
Trump,2018,politico-morning-consult-28241,Politico/Morning Consult,28241,38,39,23,2017-11-02,2017-11-06,288,367,1990,1,0,0,0,0,1,0
Trump,2018,cnn-28232,CNN,28232,51,40,10,2017-11-02,2017-11-05,287.5,367.5,910,0,0,0,0,0,1,0
Trump,2018,abc-post-28233,ABC/Post,28233,51,40,9,2017-10-29,2017-11-01,283.5,371.5,884,0,0,0,0,0,1,0
Trump,2018,yougov-economist-28219,YouGov/Economist,28219,39,36,25,2017-10-29,2017-10-31,283,372,1278,1,0,0,0,0,1,0
Trump,2018,ipsos-reuters-28221,Ipsos/Reuters,28221,40,31,29,2017-10-27,2017-10-31,282,373,1798,1,0,0,0,1,0,0
Trump,2018,politico-morning-consult-28220,Politico/Morning Consult,28220,43,38,19,2017-10-26,2017-10-30,281,374,1990,1,0,0,0,0,1,0
Trump,2018,prri-28306,PRRI,28306,44,37,20,2017-10-18,2017-10-30,277,378,1699,0,0,0,0,0,1,0
Trump,2018,fox-28201,FOX,28201,50,35,15,2017-10-22,2017-10-24,276,379,1005,0,0,0,0,0,1,0
Trump,2018,yougov-economist-28197,YouGov/Economist,28197,40,33,26,2017-10-22,2017-10-24,276,379,1310,1,0,0,0,0,1,0
Trump,2018,ipsos-reuters-28200,Ipsos/Reuters,28200,36,28,36,2017-10-20,2017-10-24,275,380,2352,1,0,0,0,1,0,0
Trump,2018,politico-morning-consult-28198,Politico/Morning Consult,28198,42,36,22,2017-10-19,2017-10-23,274,381,1988,1,0,0,0,0,1,0
Trump,2018,yougov-economist-28178,YouGov/Economist,28178,41,33,25,2017-10-15,2017-10-16,268.5,386.5,1320,1,0,0,0,0,1,0
Trump,2018,politico-morning-consult-28181,Politico/Morning Consult,28181,42,37,21,2017-10-12,2017-10-16,267,388,1991,1,0,0,0,0,1,0
Trump,2018,cnn-28176,CNN,28176,54,38,9,2017-10-12,2017-10-15,266.5,388.5,894,0,0,0,0,0,1,0
Trump,2018,yougov-economist-28160,YouGov/Economist,28160,40,33,26,2017-10-07,2017-10-10,261.5,393.5,1272,1,0,0,0,0,1,0
Trump,2018,politico-morning-consult-28162,Politico/Morning Consult,28162,43,37,20,2017-10-05,2017-10-09,260,395,1996,1,0,0,0,0,1,0
Trump,2018,yougov-economist-28141,YouGov/Economist,28141,39,32,28,2017-10-01,2017-10-03,255,400,1293,1,0,0,0,0,1,0
Trump,2018,politico-morning-consult-28144,Politico/Morning Consult,28144,41,39,20,2017-09-29,2017-10-01,253,402,1992,1,0,0,0,0,1,0
Trump,2018,yougov-economist-28119,YouGov/Economist,28119,40,34,26,2017-09-24,2017-09-26,248,407,1245,1,0,0,0,0,1,0
Trump,2018,ppp-d-28129,PPP (D),28129,48,37,15,2017-09-22,2017-09-25,246.5,408.5,865,0,1,1,0,0,0,1
Trump,2018,politico-morning-consult-28126,Politico/Morning Consult,28126,42,38,20,2017-09-22,2017-09-24,246,409,1987,1,0,0,0,0,1,0
Trump,2018,cnn-28124,CNN,28124,49,43,7,2017-09-17,2017-09-20,241.5,413.5,939,0,0,0,0,0,1,0
Trump,2018,yougov-economist-28096,YouGov/Economist,28096,39,33,27,2017-09-17,2017-09-19,241,414,1278,1,0,0,0,0,1,0
Trump,2018,politico-morning-consult-28097,Politico/Morning Consult,28097,43,37,20,2017-09-14,2017-09-17,238.5,416.5,1994,1,0,0,0,0,1,0
Trump,2018,yougov-economist-28080,YouGov/Economist,28080,40,31,29,2017-09-10,2017-09-12,234,421,1309,1,0,0,0,0,1,0
Trump,2018,politico-morning-consult-28081,Politico/Morning Consult,28081,40,37,23,2017-09-07,2017-09-11,232,423,1976,1,0,0,0,0,1,0
Trump,2018,yougov-economist-28064,YouGov/Economist,28064,39,33,28,2017-09-03,2017-09-05,227,428,1303,1,0,0,0,0,1,0
Trump,2018,politico-morning-consult-28065,Politico/Morning Consult,28065,43,38,19,2017-08-31,2017-09-03,224.5,430.5,1993,1,0,0,0,0,1,0
Trump,2018,yougov-economist-28046,YouGov/Economist,28046,40,32,29,2017-08-27,2017-08-29,220,435,1278,1,0,0,0,0,1,0
Trump,2018,politico-morning-consult-28050,Politico/Morning Consult,28050,40,36,24,2017-08-24,2017-08-28,218,437,1999,1,0,0,0,0,1,0
Trump,2018,yougov-economist-28028,YouGov/Economist,28028,39,33,28,2017-08-20,2017-08-22,213,442,1316,1,0,0,0,0,1,0
Trump,2018,ppp-d-28026,PPP (D),28026,49,35,15,2017-08-18,2017-08-21,211.5,443.5,887,0,1,1,0,0,0,1
Trump,2018,politico-morning-consult-28029,Politico/Morning Consult,28029,41,36,22,2017-08-17,2017-08-19,210,445,1987,1,0,0,0,0,1,0
Trump,2018,gwu-battleground-28034,GWU/Battleground,28034,46,40,14,2017-08-13,2017-08-17,207,448,1000,0,0,0,0,0,1,0
Trump,2018,yougov-economist-28009,YouGov/Economist,28009,41,33,27,2017-08-13,2017-08-15,206,449,1282,1,0,0,0,0,1,0
Trump,2018,politico-morning-consult-28008,Politico/Morning Consult,28008,40,38,22,2017-08-10,2017-08-14,204,451,1997,1,0,0,0,0,1,0
Trump,2018,marist-28007,Marist,28007,47,40,13,2017-08-08,2017-08-12,202,453,883,0,0,0,0,0,1,0
Trump,2018,yougov-economist-27987,YouGov/Economist,27987,39,34,28,2017-08-06,2017-08-08,199,456,1303,1,0,0,0,0,1,0
Trump,2018,cnn-27992,CNN,27992,51,42,7,2017-08-03,2017-08-06,196.5,458.5,921,0,0,0,0,0,1,0
Trump,2018,politico-morning-consult-27989,Politico/Morning Consult,27989,43,36,22,2017-08-03,2017-08-06,196.5,458.5,1992,1,0,0,0,0,1,0
Trump,2018,yougov-economist-27970,YouGov/Economist,27970,39,34,28,2017-07-31,2017-08-01,192.5,462.5,1316,1,0,0,0,0,1,0
Trump,2018,politico-morning-consult-27971,Politico/Morning Consult,27971,44,37,19,2017-07-27,2017-07-29,189,466,1972,1,0,0,0,0,1,0
Trump,2018,yougov-economist-27951,YouGov/Economist,27951,40,34,26,2017-07-23,2017-07-25,185,470,1282,1,0,0,0,0,1,0
Trump,2018,politico-morning-consult-27955,Politico/Morning Consult,27955,40,40,20,2017-07-20,2017-07-24,183,472,3981,1,0,0,0,0,1,0
Trump,2018,yougov-economist-27931,YouGov/Economist,27931,40,34,25,2017-07-15,2017-07-18,177.5,477.5,1264,1,0,0,0,0,1,0
Trump,2018,ppp-d-27925,PPP (D),27925,50,40,10,2017-07-14,2017-07-17,176.5,478.5,836,0,1,1,0,0,0,1
Trump,2018,politico-morning-consult-27948,Politico/Morning Consult,27948,42,40,19,2017-07-13,2017-07-15,175,480,1994,1,0,0,0,0,1,0
Trump,2018,yougov-economist-27908,YouGov/Economist,27908,39,32,28,2017-07-09,2017-07-11,171,484,1274,1,0,0,0,0,1,0
Trump,2018,politico-morning-consult-27910,Politico/Morning Consult,27910,43,40,17,2017-07-07,2017-07-09,169,486,1983,1,0,0,0,0,1,0
Trump,2018,yougov-economist-27893,YouGov/Economist,27893,37,35,28,2017-07-03,2017-07-04,164.5,490.5,1310,1,0,0,0,0,1,0
Trump,2018,politico-morning-consult-27892,Politico/Morning Consult,27892,43,39,18,2017-06-29,2017-06-30,160.5,494.5,1989,1,0,0,0,0,1,0
Trump,2018,fox-27877,FOX,27877,47,41,12,2017-06-25,2017-06-27,157,498,1017,0,0,0,0,0,1,0
Trump,2018,yougov-economist-27873,YouGov/Economist,27873,41,35,25,2017-06-25,2017-06-27,157,498,1279,1,0,0,0,0,1,0
Trump,2018,npr-pbs-newshour-marist-27872,NPR/PBS NewsHour/Marist,27872,48,38,14,2017-06-21,2017-06-25,154,501,#N/A,0,0,0,0,0,1,0
Trump,2018,politico-morning-consult-27874,Politico/Morning Consult,27874,42,40,18,2017-06-22,2017-06-24,154,501,1994,1,0,0,0,0,1,0
Trump,2018,yougov-economist-27851,YouGov/Economist,27851,38,35,26,2017-06-18,2017-06-20,150,505,1271,1,0,0,0,0,1,0
Trump,2018,politico-morning-consult-27853,Politico/Morning Consult,27853,43,37,19,2017-06-15,2017-06-19,148,507,2051,1,0,0,0,0,1,0
Trump,2018,yougov-economist-27828,YouGov/Economist,27828,38,36,25,2017-06-11,2017-06-13,143,512,1298,1,0,0,0,0,1,0
Trump,2018,politico-morning-consult-27845,Politico/Morning Consult,27845,42,39,19,2017-06-08,2017-06-12,141,514,1999,1,0,0,0,0,1,0
Trump,2018,ppp-d-27820,PPP (D),27820,50,40,10,2017-06-09,2017-06-11,141,514,811,0,1,1,0,0,0,1
Trump,2018,yougov-economist-27791,YouGov/Economist,27791,41,37,21,2017-06-04,2017-06-06,136,519,1275,1,0,0,0,0,1,0
Trump,2018,politico-morning-consult-27789,Politico/Morning Consult,27789,42,39,19,2017-06-01,2017-06-02,132.5,522.5,1999,1,0,0,0,0,1,0
Trump,2018,yougov-economist-27758,YouGov/Economist,27758,39,33,28,2017-05-27,2017-05-30,128.5,526.5,1266,1,0,0,0,0,1,0
Trump,2018,politico-morning-consult-27757,Politico/Morning Consult,27757,43,39,18,2017-05-25,2017-05-30,127.5,527.5,1991,1,0,0,0,0,1,0
Trump,2018,yougov-economist-27725,YouGov/Economist,27725,38,36,26,2017-05-20,2017-05-23,121.5,533.5,1266,1,0,0,0,0,1,0
Trump,2018,politico-morning-consult-27724,Politico/Morning Consult,27724,41,37,22,2017-05-18,2017-05-22,120,535,1938,1,0,0,0,0,1,0
Trump,2018,yougov-economist-27687,YouGov/Economist,27687,40,33,27,2017-05-13,2017-05-16,114.5,540.5,1293,1,0,0,0,0,1,0
Trump,2018,politico-morning-consult-27686,Politico/Morning Consult,27686,42,35,23,2017-05-12,2017-05-14,113,542,2001,1,0,0,0,0,1,0
Trump,2018,ppp-d-27680,PPP (D),27680,49,38,13,2017-05-12,2017-05-14,113,542,692,0,1,1,0,0,0,1
Trump,2018,politico-morning-consult-27660,Politico/Morning Consult,27660,42,37,21,2017-05-09,2017-05-11,110,545,1731,1,0,0,0,0,1,0
Trump,2018,yougov-economist-27650,YouGov/Economist,27650,40,35,25,2017-05-06,2017-05-09,107.5,547.5,1278,1,0,0,0,0,1,0
Trump,2018,politico-morning-consult-27647,Politico/Morning Consult,27647,42,36,22,2017-05-04,2017-05-06,105,550,1996,1,0,0,0,0,1,0
Trump,2018,yougov-economist-27606,YouGov/Economist,27606,38,35,27,2017-04-29,2017-05-02,100.5,554.5,#N/A,1,0,0,0,0,1,0
Trump,2018,politico-morning-consult-27605,Politico/Morning Consult,27605,41,41,18,2017-04-27,2017-04-30,98.5,556.5,1998,1,0,0,0,0,1,0
Trump,2018,fox-27558,FOX,27558,47,42,10,2017-04-23,2017-04-25,94,561,1009,0,0,0,0,0,1,0
Trump,2018,yougov-economist-27554,YouGov/Economist,27554,39,34,27,2017-04-23,2017-04-25,94,561,1289,1,0,0,0,0,1,0
Trump,2018,cnn-27582,CNN,27582,50,41,9,2017-04-22,2017-04-25,93.5,561.5,1009,0,0,0,0,1,0,0
Trump,2018,politico-morning-consult-27548,Politico/Morning Consult,27548,40,44,16,2017-04-20,2017-04-24,92,563,2032,1,0,0,0,0,1,0
Trump,2018,gravis-marketing-orlando-political-observer-27542,Gravis Marketing/Orlando Political Observer,27542,47,42,11,2017-04-17,2017-04-20,88.5,566.5,1665,0,1,0,0,0,1,0
Trump,2018,ppp-d-27515,PPP (D),27515,47,41,12,2017-04-17,2017-04-18,87.5,567.5,648,0,1,1,0,0,0,1
Trump,2018,yougov-economist-27504,YouGov/Economist,27504,38,32,29,2017-04-15,2017-04-18,86.5,568.5,1284,1,0,0,0,0,1,0
Trump,2018,politico-morning-consult-27511,Politico/Morning Consult,27511,40,40,20,2017-04-13,2017-04-15,84,571,1992,1,0,0,0,0,1,0
Trump,2018,mcclatchy-marist-27480,McClatchy/Marist,27480,45,38,17,2017-04-11,2017-04-12,81.5,573.5,869,0,0,0,0,0,1,0
Trump,2018,yougov-economist-27463,YouGov/Economist,27463,40,37,23,2017-04-10,2017-04-11,80.5,574.5,1324,1,0,0,0,0,1,0
Trump,2018,politico-morning-consult-27459,Politico/Morning Consult,27459,43,40,17,2017-04-06,2017-04-09,77.5,577.5,1988,1,0,0,0,0,1,0
Trump,2018,politico-morning-consult-27416,Politico/Morning Consult,27416,41,39,19,2017-03-30,2017-04-01,70,585,1995,1,0,0,0,0,1,0
Trump,2018,ppp-d-27387,PPP (D),27387,48,43,9,2017-03-27,2017-03-28,66.5,588.5,677,0,1,1,0,0,0,1
Trump,2018,mcclatchy-marist-27393,McClatchy/Marist,27393,47,38,15,2017-03-22,2017-03-27,63.5,591.5,906,0,0,0,0,0,1,0
Trump,2018,ppp-d-27294,PPP (D),27294,46,41,13,2017-03-10,2017-03-12,50,605,808,0,1,1,0,0,0,1
Trump,2018,ppp-d-27155,PPP (D),27155,46,43,11,2017-02-21,2017-02-22,32.5,622.5,941,0,1,1,0,0,0,1
Trump,2018,ppp-d-27102,PPP (D),27102,49,41,10,2017-02-07,2017-02-08,18.5,636.5,712,0,1,1,0,0,0,1
Trump,2018,ppp-d-27075,PPP (D),27075,45,42,13,2017-01-30,2017-01-31,10.5,644.5,725,0,1,1,0,0,0,1
Trump,2018,ppp-d-27052,PPP (D),27052,48,40,12,2017-01-23,2017-01-24,3.5,651.5,1043,0,1,1,0,0,0,1
Obama,2016,yougov-economist-26805,YouGov/Economist,26805,45,42,13,2016-11-04,2016-11-07,1385.5,2.5,3655,1,0,0,0,0,0,1
Obama,2016,bloomberg-selzer-26771,Bloomberg/Selzer,26771,45,48,8,2016-11-04,2016-11-06,1385,3,799,0,0,0,0,0,0,1
Obama,2016,fox-26784,FOX,26784,45,46,8,2016-11-03,2016-11-06,1384.5,3.5,1295,0,0,0,0,0,0,1
Obama,2016,nbc-surveymonkey-26770,NBC/SurveyMonkey,26770,48,43,9,2016-10-31,2016-11-06,1383,5,70194,1,0,0,0,0,0,1
Obama,2016,franklin-pierce-rkm-boston-herald-26775,Franklin Pierce/RKM/Boston Herald,26775,45,46,9,2016-11-01,2016-11-05,1383,5,1009,0,0,0,0,0,0,1
Obama,2016,mcclatchy-marist-26734,McClatchy/Marist,26734,48,47,5,2016-11-01,2016-11-03,1382,6,940,0,0,0,0,0,0,1
Obama,2016,ipsos-reuters-26679,Ipsos/Reuters,26679,42,41,18,2016-10-29,2016-11-02,1380,8,1858,1,0,0,0,0,0,1
Obama,2016,yougov-economist-26618,YouGov/Economist,26618,45,40,16,2016-10-30,2016-11-01,1380,8,1388,1,0,0,0,0,1,0
Obama,2016,politico-morning-consult-26556,Politico/Morning Consult,26556,44,43,13,2016-10-29,2016-10-30,1378.5,9.5,1772,1,0,0,0,0,0,1
Obama,2016,yougov-economist-26504,YouGov/Economist,26504,43,39,18,2016-10-22,2016-10-26,1373,15,1376,1,0,0,0,0,1,0
Obama,2016,fox-26488,FOX,26488,47,45,9,2016-10-22,2016-10-25,1372.5,15.5,1221,0,0,0,0,0,0,1
Obama,2016,gqr-d-democracy-corps-26432,GQR (D-Democracy Corps),26432,37,38,25,2016-10-21,2016-10-24,1371.5,16.5,900,0,0,1,0,0,0,1
Obama,2016,ipsos-reuters-26445,Ipsos/Reuters,26445,44,39,17,2016-10-20,2016-10-24,1371,17,1170,1,0,0,0,0,0,1
Obama,2016,cnn-26491,CNN,26491,50,47,4,2016-10-20,2016-10-23,1370.5,17.5,779,0,0,0,0,0,0,1
Obama,2016,politico-morning-consult-26342,Politico/Morning Consult,26342,42,39,18,2016-10-19,2016-10-20,1368.5,19.5,1395,1,0,0,0,0,0,1
Obama,2016,yougov-economist-26280,YouGov/Economist,26280,43,38,19,2016-10-15,2016-10-18,1365.5,22.5,1085,1,0,0,0,0,1,0
Obama,2016,bloomberg-selzer-26261,Bloomberg/Selzer,26261,47,43,9,2016-10-14,2016-10-17,1364.5,23.5,1328,0,0,0,0,1,0,0
Obama,2016,ipsos-reuters-26266,Ipsos/Reuters,26266,43,39,19,2016-10-13,2016-10-17,1364,24,1190,1,0,0,0,0,0,1
Obama,2016,public-religion-research-institute-the-atlantic-26263,Public Religion Research Institute/The Atlantic,26263,52,40,7,2016-10-12,2016-10-17,1363.5,24.5,692,0,0,0,0,0,0,1
Obama,2016,politico-morning-consult-26194,Politico/Morning Consult,26194,45,38,18,2016-10-13,2016-10-15,1363,25,1737,1,0,0,0,0,0,1
Obama,2016,abc-post-26184,ABC/Post,26184,47,44,9,2016-10-10,2016-10-13,1360.5,27.5,740,0,0,0,0,0,0,1
Obama,2016,gwu-battleground-26193,GWU/Battleground,26193,47,42,11,2016-10-08,2016-10-13,1359.5,28.5,1000,0,0,0,0,0,0,1
Obama,2016,fox-26165,FOX,26165,48,42,10,2016-10-10,2016-10-12,1360,28,917,0,0,0,0,0,0,1
Obama,2016,politico-morning-consult-26084,Politico/Morning Consult,26084,44,39,17,2016-10-10,2016-10-10,1359,29,1757,1,0,0,0,0,0,1
Obama,2016,ipsos-reuters-26141,Ipsos/Reuters,26141,46,36,18,2016-10-06,2016-10-10,1357,31,2363,1,0,0,0,0,0,1
Obama,2016,pew-26176,Pew,26176,42,38,20,2016-09-27,2016-10-10,1352.5,35.5,3596,0,0,0,0,0,1,0
Obama,2016,politico-morning-consult-26013,Politico/Morning Consult,26013,44,41,16,2016-10-08,2016-10-08,1357,31,1390,1,0,0,0,0,0,1
Obama,2016,yougov-economist-26019,YouGov/Economist,26019,42,39,20,2016-10-07,2016-10-08,1356.5,31.5,1133,1,0,0,0,0,1,0
Obama,2016,yougov-economist-25893,YouGov/Economist,25893,43,37,19,2016-10-01,2016-10-03,1351,37,911,1,0,0,0,0,1,0
Obama,2016,ipsos-reuters-25960,Ipsos/Reuters,25960,42,38,20,2016-09-29,2016-10-03,1350,38,1239,1,0,0,0,0,0,1
Obama,2016,morning-consult-25827,Morning Consult,25827,46,37,17,2016-09-30,2016-10-02,1350,38,1778,1,0,0,0,0,0,1
Obama,2016,fox-25819,FOX,25819,44,43,13,2016-09-27,2016-09-29,1347,41,911,0,0,0,0,0,0,1
Obama,2016,ppp-d-25804,PPP (D),25804,46,41,13,2016-09-27,2016-09-28,1346.5,41.5,933,0,1,1,0,0,0,1
Obama,2016,echelon-insights-r-25816,Echelon Insights (R),25816,41,36,23,2016-09-26,2016-09-27,1345.5,42.5,1833,1,0,0,1,0,1,0
Obama,2016,morning-consult-25787,Morning Consult,25787,46,38,16,2016-09-26,2016-09-27,1345.5,42.5,1253,1,0,0,0,0,0,1
Obama,2016,ipsos-reuters-25788,Ipsos/Reuters,25788,42,36,22,2016-09-22,2016-09-26,1343,45,1041,1,0,0,0,0,0,1
Obama,2016,yougov-economist-25649,YouGov/Economist,25649,43,38,18,2016-09-22,2016-09-24,1342,46,1300,1,0,0,0,1,0,0
Obama,2016,morning-consult-25644,Morning Consult,25644,43,40,18,2016-09-22,2016-09-24,1342,46,1712,1,0,0,0,0,0,1
Obama,2016,mcclatchy-marist-25630,McClatchy/Marist,25630,49,45,7,2016-09-15,2016-09-20,1336.5,51.5,1094,0,0,0,0,0,1,0
Obama,2016,yougov-economist-25587,YouGov/Economist,25587,43,36,21,2016-09-18,2016-09-19,1337.5,50.5,1300,1,0,0,0,1,0,0
Obama,2016,ipsos-reuters-25593,Ipsos/Reuters,25593,39,40,20,2016-09-15,2016-09-19,1336,52,1111,1,0,0,0,0,0,1
Obama,2016,morning-consult-25522,Morning Consult,25522,45,40,16,2016-09-15,2016-09-16,1334.5,53.5,1639,1,0,0,0,0,0,1
Obama,2016,yougov-economist-25487,YouGov/Economist,25487,44,38,18,2016-09-10,2016-09-13,1330.5,57.5,1085,1,0,0,0,0,1,0
Obama,2016,ipsos-reuters-25486,Ipsos/Reuters,25486,40,38,22,2016-09-08,2016-09-12,1329,59,1127,1,0,0,0,0,0,1
Obama,2016,morning-consult-25447,Morning Consult,25447,44,40,16,2016-09-06,2016-09-08,1326,62,1710,1,0,0,0,0,0,1
Obama,2016,yougov-economist-25411,YouGov/Economist,25411,41,38,21,2016-09-04,2016-09-06,1324,64,1073,1,0,0,0,0,1,0
Obama,2016,ipsos-reuters-25441,Ipsos/Reuters,25441,40,39,22,2016-09-01,2016-09-05,1322,66,1084,1,0,0,0,0,0,1
Obama,2016,cnn-25436,CNN,25436,47,49,4,2016-09-01,2016-09-04,1321.5,66.5,786,0,0,0,0,0,0,1
Obama,2016,morning-consult-25336,Morning Consult,25336,41,38,21,2016-09-01,2016-09-02,1320.5,67.5,2001,1,0,0,0,0,1,0
Obama,2016,gwu-battleground-25409,GWU/Battleground,25409,45,43,13,2016-08-28,2016-09-01,1318,70,1000,0,0,0,0,0,0,1
Obama,2016,yougov-economist-25297,YouGov/Economist,25297,42,39,19,2016-08-27,2016-08-29,1316,72,1112,1,0,0,0,1,0,0
Obama,2016,ipsos-reuters-25305,Ipsos/Reuters,25305,39,37,25,2016-08-25,2016-08-29,1315,73,1404,1,0,0,0,0,0,1
Obama,2016,morning-consult-25276,Morning Consult,25276,42,39,19,2016-08-24,2016-08-26,1313,75,2007,1,0,0,0,0,1,0
Obama,2016,ipsos-reuters-25260,Ipsos/Reuters,25260,43,36,21,2016-08-20,2016-08-24,1310,78,1049,1,0,0,0,0,0,1
Obama,2016,yougov-economist-25247,YouGov/Economist,25247,44,37,19,2016-08-19,2016-08-23,1309,79,1075,1,0,0,0,1,0,0
Obama,2016,morning-consult-25218,Morning Consult,25218,42,37,21,2016-08-18,2016-08-20,1307,81,2001,1,0,0,0,0,1,0
Obama,2016,ipsos-reuters-25213,Ipsos/Reuters,25213,40,39,20,2016-08-13,2016-08-17,1303,85,1049,1,0,0,0,0,0,1
Obama,2016,yougov-economist-25194,YouGov/Economist,25194,44,35,21,2016-08-14,2016-08-16,1303,85,1073,1,0,0,0,1,0,0
Obama,2016,normington-petts-associates-d-end-citizens-united-25217,"Normington, Petts & Associates (D-End Citizens United)",25217,48,41,10,2016-08-09,2016-08-15,1300,88,1000,0,0,1,0,0,0,1
Obama,2016,morning-consult-25179,Morning Consult,25179,43,37,19,2016-08-11,2016-08-14,1300.5,87.5,2001,1,0,0,0,0,1,0
Obama,2016,ipsos-reuters-25129,Ipsos/Reuters,25129,41,35,24,2016-08-06,2016-08-10,1296,92,974,1,0,0,0,0,0,1
Obama,2016,yougov-economist-25107,YouGov/Economist,25107,41,39,21,2016-08-06,2016-08-09,1295.5,92.5,1026,1,0,0,0,0,1,0
Obama,2016,morning-consult-25078,Morning Consult,25078,44,36,20,2016-08-04,2016-08-05,1292.5,95.5,2001,1,0,0,0,0,1,0
Obama,2016,mcclatchy-marist-25067,McClatchy/Marist,25067,49,41,10,2016-08-01,2016-08-03,1290,98,983,0,0,0,0,0,1,0
Obama,2016,ipsos-reuters-25063,Ipsos/Reuters,25063,40,37,23,2016-07-30,2016-08-03,1289,99,1072,1,0,0,0,0,0,1
Obama,2016,yougov-economist-25040,YouGov/Economist,25040,44,36,19,2016-07-30,2016-08-01,1288,100,1063,1,0,0,0,0,1,0
Obama,2016,morning-consult-25023,Morning Consult,25023,43,38,20,2016-07-29,2016-07-30,1286.5,101.5,1931,1,0,0,0,0,1,0
Obama,2016,ppp-d-25022,PPP (D),25022,47,44,9,2016-07-29,2016-07-30,1286.5,101.5,1276,0,1,1,0,0,0,1
Obama,2016,ipsos-reuters-25002,Ipsos/Reuters,25002,38,37,24,2016-07-25,2016-07-29,1284,104,1433,1,0,0,0,0,0,1
Obama,2016,yougov-economist-24962,YouGov/Economist,24962,41,39,20,2016-07-23,2016-07-24,1280.5,107.5,1057,1,0,0,0,0,1,0
Obama,2016,morning-consult-24954,Morning Consult,24954,41,38,21,2016-07-22,2016-07-24,1280,108,2502,1,0,0,0,0,1,0
Obama,2016,ipsos-reuters-24949,Ipsos/Reuters,24949,45,34,21,2016-07-16,2016-07-20,1275,113,1232,1,0,0,0,0,1,0
Obama,2016,yougov-economist-24925,YouGov/Economist,24925,43,36,21,2016-07-15,2016-07-17,1273,115,#N/A,1,0,0,0,0,1,0
Obama,2016,morning-consult-24914,Morning Consult,24914,44,37,19,2016-07-14,2016-07-16,1272,116,2002,1,0,0,0,0,1,0
Obama,2016,yougov-economist-24874,YouGov/Economist,24874,43,36,21,2016-07-09,2016-07-11,1267,121,1041,1,0,0,0,0,1,0
Obama,2016,morning-consult-24853,Morning Consult,24853,44,36,20,2016-07-08,2016-07-10,1266,122,2001,1,0,0,0,0,1,0
Obama,2016,ipsos-reuters-24829,Ipsos/Reuters,24829,46,35,20,2016-07-02,2016-07-06,1261,127,1345,1,0,0,0,0,1,0
Obama,2016,yougov-economist-24823,YouGov/Economist,24823,45,36,19,2016-07-02,2016-07-04,1260,128,998,1,0,0,0,0,1,0
Obama,2016,morning-consult-24822,Morning Consult,24822,43,37,20,2016-06-30,2016-07-04,1259,129,2001,1,0,0,0,0,1,0
Obama,2016,ipsos-reuters-24802,Ipsos/Reuters,24802,44,33,21,2016-06-25,2016-06-29,1254,134,1247,1,0,0,0,0,1,0
Obama,2016,fox-24803,FOX,24803,46,41,11,2016-06-26,2016-06-28,1254,134,1017,0,0,0,0,0,1,0
Obama,2016,gqr-d-democracy-corps-24835,GQR (D-Democracy Corps),24835,49,41,10,2016-06-23,2016-06-28,1252.5,135.5,900,0,0,1,0,0,0,1
Obama,2016,yougov-economist-24795,YouGov/Economist,24795,42,36,23,2016-06-24,2016-06-27,1252.5,135.5,1063,1,0,0,0,0,1,0
Obama,2016,nbc-wsj-24784,NBC/WSJ,24784,46,46,8,2016-06-19,2016-06-23,1248,140,1000,0,0,0,0,0,1,0
Obama,2016,ipsos-reuters-24752,Ipsos/Reuters,24752,47,33,17,2016-06-18,2016-06-22,1247,141,1339,1,0,0,0,0,1,0
Obama,2016,ipsos-reuters-24692,Ipsos/Reuters,24692,44,33,21,2016-06-11,2016-06-15,1240,148,1323,1,0,0,0,0,1,0
Obama,2016,abc-post-24526,ABC/Post,24526,45,45,6,2016-05-16,2016-05-19,1213.5,174.5,829,0,0,0,0,0,1,0
Obama,2016,mclaughlin-r-24510,McLaughlin (R),24510,46,42,13,2016-05-11,2016-05-16,1209.5,178.5,1000,1,0,0,1,0,0,1
Obama,2016,gwu-battleground-24342,GWU/Battleground,24342,46,41,13,2016-04-17,2016-04-20,1184.5,203.5,1000,0,0,0,0,0,0,1
Obama,2016,nbc-wsj-24305,NBC/WSJ,24305,47,45,8,2016-04-10,2016-04-14,1178,210,1000,0,0,0,0,0,1,0
Obama,2016,ppp-d-24178,PPP (D),24178,43,43,13,2016-03-24,2016-03-26,1160,228,1083,0,1,1,0,0,0,1
Obama,2016,ppp-d-23727,PPP (D),23727,47,41,12,2016-02-02,2016-02-03,1108.5,279.5,1236,0,1,1,0,0,0,1
Obama,2016,ppp-d-23396,PPP (D),23396,43,43,14,2015-12-16,2015-12-17,1060.5,327.5,1267,0,1,1,0,0,0,1
Obama,2016,nbc-wsj-23071,NBC/WSJ,23071,45,45,10,2015-10-25,2015-10-29,1010,378,1000,0,0,0,0,1,0,0
Obama,2016,ppp-d-22867,PPP (D),22867,43,43,14,2015-10-01,2015-10-04,985.5,402.5,1338,0,1,1,0,0,0,1
Obama,2016,quinnipiac-22459,Quinnipiac,22459,37,39,23,2015-07-23,2015-07-28,916.5,471.5,1644,0,0,0,0,0,1,0
Obama,2016,quinnipiac-22181,Quinnipiac,22181,39,36,24,2015-05-19,2015-05-26,852.5,535.5,1711,0,0,0,0,0,1,0
Obama,2016,rasmussen-22142,Rasmussen,22142,38,38,23,2015-05-10,2015-05-14,842,546,2500,0,1,0,0,0,0,1
Obama,2016,rasmussen-22141,Rasmussen,22141,38,38,24,2015-05-03,2015-05-07,835,553,2500,0,1,0,0,0,0,1
Obama,2016,rasmussen-22107,Rasmussen,22107,38,40,23,2015-04-26,2015-04-30,828,560,2500,0,1,0,0,0,0,1
Obama,2016,rasmussen-22063,Rasmussen,22063,38,39,22,2015-04-19,2015-04-23,821,567,2500,0,1,0,0,0,0,1
Obama,2016,quinnipiac-22066,Quinnipiac,22066,37,40,22,2015-04-16,2015-04-21,818.5,569.5,1353,0,0,0,0,0,1,0
Obama,2016,rasmussen-22040,Rasmussen,22040,39,39,23,2015-04-12,2015-04-16,814,574,2500,0,1,0,0,0,0,1
Obama,2016,rasmussen-22000,Rasmussen,22000,37,40,23,2015-04-05,2015-04-09,807,581,2500,0,1,0,0,0,0,1
Obama,2016,rasmussen-22002,Rasmussen,22002,36,40,23,2015-03-29,2015-04-02,800,588,2500,0,1,0,0,0,0,1
Obama,2016,rasmussen-21956,Rasmussen,21956,38,39,24,2015-03-22,2015-03-26,793,595,2500,0,1,0,0,0,0,1
Obama,2016,rasmussen-21905,Rasmussen,21905,39,39,22,2015-03-15,2015-03-19,786,602,2500,0,1,0,0,0,0,1
Obama,2016,rasmussen-24202,Rasmussen,24202,38,39,23,2015-03-08,2015-03-12,779,609,2500,0,1,0,0,0,0,1
Obama,2016,rasmussen-21851,Rasmussen,21851,36,41,22,2015-03-01,2015-03-05,772,616,2500,0,1,0,0,0,0,1
Obama,2016,rasmussen-21813,Rasmussen,21813,39,39,22,2015-02-23,2015-03-01,767,621,2800,0,1,0,0,0,0,1
Obama,2016,rasmussen-21786,Rasmussen,21786,39,38,22,2015-02-16,2015-02-22,760,628,2800,0,1,0,0,0,0,1
Obama,2016,rasmussen-21755,Rasmussen,21755,38,39,23,2015-02-08,2015-02-15,752.5,635.5,2800,0,1,0,0,0,0,1
Obama,2016,rasmussen-21717,Rasmussen,21717,39,40,21,2015-02-02,2015-02-08,746,642,2800,0,1,0,0,0,0,1
Obama,2016,rasmussen-21688,Rasmussen,21688,40,38,22,2015-01-26,2015-02-01,739,649,2800,0,1,0,0,0,0,1
Obama,2016,rasmussen-21656,Rasmussen,21656,40,37,23,2015-01-19,2015-01-25,732,656,2800,0,1,0,0,0,0,1
Obama,2016,rasmussen-21643,Rasmussen,21643,39,38,24,2015-01-12,2015-01-18,725,663,2800,0,1,0,0,0,0,1
Obama,2016,rasmussen-21600,Rasmussen,21600,38,38,23,2015-01-05,2015-01-11,718,670,3500,0,1,0,0,0,0,1
Obama,2016,rasmussen-21574,Rasmussen,21574,40,38,23,2014-12-29,2015-01-04,711,677,3500,0,1,0,0,0,0,1
Obama,2016,rasmussen-21558,Rasmussen,21558,39,39,22,2014-12-22,2014-12-28,704,684,3500,0,1,0,0,0,0,1
Obama,2016,rasmussen-21555,Rasmussen,21555,39,40,21,2014-12-15,2014-12-21,697,691,3500,0,1,0,0,0,0,1
Obama,2016,rasmussen-21553,Rasmussen,21553,37,40,23,2014-12-08,2014-12-14,690,698,3500,0,1,0,0,0,0,1
Obama,2016,rasmussen-21515,Rasmussen,21515,40,39,21,2014-12-01,2014-12-07,683,705,3500,0,1,0,0,0,0,1
Obama,2016,rasmussen-21478,Rasmussen,21478,40,41,20,2014-11-24,2014-11-30,676,712,3500,0,1,0,0,0,0,1
Obama,2016,rasmussen-21477,Rasmussen,21477,39,43,19,2014-11-17,2014-11-23,669,719,3500,0,1,0,0,0,0,1
Obama,2016,rasmussen-21474,Rasmussen,21474,41,41,18,2014-11-10,2014-11-16,662,726,3500,0,1,0,0,0,0,1
Obama,2014,nbc-wsj-21278,NBC/WSJ,21278,45,46,0,2014-10-30,2014-11-01,649,4,826,0,0,0,0,0,0,1
Obama,2014,huffpost-yougov-21285,HuffPost/YouGov,21285,42,46,13,2014-10-28,2014-10-30,647,6,802,1,0,0,0,0,0,1
Obama,2014,fox-21158,FOX,21158,45,44,11,2014-10-25,2014-10-27,644,9,734,0,0,0,0,0,0,1
Obama,2014,cbs-21202,CBS,21202,42,50,7,2014-10-23,2014-10-27,643,10,624,0,0,0,0,0,0,1
Obama,2014,cnn-21117,CNN,21117,47,46,6,2014-10-24,2014-10-26,643,10,540,0,0,0,0,0,0,1
Obama,2014,usa-today-psrai-21233,USA Today/PSRAI,21233,43,42,14,2014-10-23,2014-10-26,642.5,10.5,697,0,0,0,0,0,0,1
Obama,2014,abc-post-21133,ABC/Post,21133,44,50,6,2014-10-23,2014-10-26,642.5,10.5,758,0,0,0,0,0,0,1
Obama,2014,rasmussen-21130,Rasmussen,21130,41,43,16,2014-10-20,2014-10-26,641,12,3500,0,1,0,0,0,0,1
Obama,2014,nbc-wsj-annenberg-21284,NBC/WSJ/Annenberg,21284,41,52,7,2014-10-17,2014-10-23,638,15,823,0,0,0,0,0,0,1
Obama,2014,democracy-corps-d-21021,Democracy Corps (D),21021,46,46,7,2014-10-16,2014-10-21,636.5,16.5,698,0,0,1,0,0,0,1
Obama,2014,ap-gfk-web-21151,AP-GfK (Web),21151,32,40,27,2014-10-16,2014-10-20,636,17,968,1,0,0,0,0,0,1
Obama,2014,pew-21003,Pew,21003,47,46,0,2014-10-15,2014-10-20,635.5,17.5,1126,0,0,0,0,0,0,1
Obama,2014,rasmussen-20972,Rasmussen,20972,41,41,17,2014-10-14,2014-10-20,635,18,3500,0,1,0,0,0,0,1
Obama,2014,nbc-wsj-annenberg-21283,NBC/WSJ/Annenberg,21283,44,49,7,2014-10-10,2014-10-16,631,22,484,0,0,0,0,0,0,1
Obama,2014,fox-20893,FOX,20893,42,45,12,2014-10-12,2014-10-14,631,22,831,0,0,0,0,0,0,1
Obama,2014,abc-post-20885,ABC/Post,20885,43,50,7,2014-10-09,2014-10-12,628.5,24.5,#N/A,0,0,0,0,0,0,1
Obama,2014,nbc-wsj-20884,NBC/WSJ,20884,47,48,5,2014-10-08,2014-10-12,628,25,666,0,0,0,0,0,0,1
Obama,2014,rasmussen-20859,Rasmussen,20859,40,40,21,2014-10-06,2014-10-12,627,26,3500,0,1,0,0,0,0,1
Obama,2014,nbc-wsj-annenberg-21282,NBC/WSJ/Annenberg,21282,48,43,9,2014-10-03,2014-10-09,624,29,1181,0,0,0,0,0,1,0
Obama,2014,ipsos-reuters-20764,Ipsos/Reuters,20764,43,42,15,2014-10-03,2014-10-07,623,30,623,1,0,0,0,0,0,1
Obama,2014,cbs-20777,CBS,20777,43,49,8,2014-10-03,2014-10-06,622.5,30.5,575,0,0,0,0,0,0,1
Obama,2014,reason-rupe-20811,Reason/Rupe,20811,42,33,25,2014-10-01,2014-10-06,621.5,31.5,#N/A,0,0,0,0,0,1,0
Obama,2014,rasmussen-20788,Rasmussen,20788,41,39,20,2014-09-30,2014-10-05,620.5,32.5,3500,0,1,0,0,0,0,1
Obama,2014,nbc-wsj-annenberg-21281,NBC/WSJ/Annenberg,21281,46,43,12,2014-09-26,2014-10-02,617,36,1181,0,0,0,0,0,1,0
Obama,2014,fox-20662,FOX,20662,40,47,14,2014-09-28,2014-09-30,617,36,845,0,0,0,0,0,0,1
Obama,2014,gallup-20813,Gallup,20813,46,47,7,2014-09-25,2014-09-30,615.5,37.5,1252,0,0,0,0,0,1,0
Obama,2014,ap-gfk-web-20659,AP-GfK (Web),20659,33,33,35,2014-09-25,2014-09-29,615,38,958,1,0,0,0,0,0,1
Obama,2014,mcclatchy-marist-20686,McClatchy/Marist,20686,45,44,11,2014-09-24,2014-09-29,614.5,38.5,884,0,0,0,0,0,1,0
Obama,2014,cnn-20624,CNN,20624,47,45,7,2014-09-25,2014-09-28,614.5,38.5,701,0,0,0,0,0,0,1
Obama,2014,rasmussen-20654,Rasmussen,20654,40,39,21,2014-09-22,2014-09-28,613,40,3500,0,1,0,0,0,0,1
Obama,2014,nbc-wsj-annenberg-21280,NBC/WSJ/Annenberg,21280,47,42,11,2014-09-19,2014-09-25,610,43,1283,0,0,0,0,0,1,0
Obama,2014,rasmussen-20543,Rasmussen,20543,40,40,20,2014-09-15,2014-09-21,606,47,3500,0,1,0,0,0,0,1
Obama,2014,nbc-wsj-annenberg-21279,NBC/WSJ/Annenberg,21279,46,42,12,2014-09-14,2014-09-18,604,49,815,0,0,0,0,0,1,0
Obama,2014,cbs-times-20473,CBS/Times,20473,42,49,9,2014-09-12,2014-09-15,601.5,51.5,470,0,0,0,0,0,0,1
Obama,2014,rasmussen-20438,Rasmussen,20438,41,38,20,2014-09-08,2014-09-14,599,54,3500,0,1,0,0,0,0,1
Obama,2014,fox-20375,FOX,20375,40,47,13,2014-09-07,2014-09-09,596,57,833,0,0,0,0,0,0,1
Obama,2014,pew-20410,Pew,20410,44,47,8,2014-09-02,2014-09-09,593.5,59.5,1150,0,0,0,0,0,0,1
Obama,2014,cnn-20354,CNN,20354,45,49,6,2014-09-05,2014-09-07,594,59,#N/A,0,0,0,0,0,0,1
Obama,2014,abc-post-20348,ABC/Post,20348,46,44,10,2014-09-04,2014-09-07,593.5,59.5,888,0,0,0,0,0,1,0
Obama,2014,nbc-wsj-20356,NBC/WSJ,20356,43,45,12,2014-09-03,2014-09-07,593,60,1000,0,0,0,0,0,1,0
Obama,2014,rasmussen-20338,Rasmussen,20338,39,41,20,2014-09-01,2014-09-07,592,61,3500,0,1,0,0,0,0,1
Obama,2014,rasmussen-20336,Rasmussen,20336,40,41,20,2014-08-25,2014-08-31,585,68,3500,0,1,0,0,0,0,1
Obama,2014,gwu-battleground-20260,GWU/Battleground,20260,42,46,12,2014-08-24,2014-08-28,583,70,1000,0,0,0,0,0,0,1
Obama,2014,pew-usa-today-20209,Pew/USA Today,20209,47,42,11,2014-08-20,2014-08-24,579,74,1501,0,0,0,0,0,1,0
Obama,2014,rasmussen-20201,Rasmussen,20201,39,40,21,2014-08-18,2014-08-24,578,75,3500,0,1,0,0,0,0,1
Obama,2014,rasmussen-20137,Rasmussen,20137,39,39,22,2014-08-11,2014-08-17,571,82,3500,0,1,0,0,0,0,1
Obama,2014,fox-20110,FOX,20110,46,39,15,2014-08-10,2014-08-12,568,85,1001,0,0,0,0,0,1,0
Obama,2014,reason-rupe-20114,Reason/Rupe,20114,42,41,17,2014-08-06,2014-08-10,565,88,#N/A,0,0,0,0,0,0,1
Obama,2014,rasmussen-20092,Rasmussen,20092,39,40,21,2014-08-04,2014-08-10,564,89,3500,0,1,0,0,0,0,1
Obama,2014,mcclatchy-marist-20095,McClatchy/Marist,20095,38,43,18,2014-08-04,2014-08-07,562.5,90.5,806,0,0,0,0,0,1,0
Obama,2014,cbs-20059,CBS,20059,41,37,22,2014-07-29,2014-08-04,558,95,#N/A,0,0,0,0,0,1,0
Obama,2014,nbc-wsj-20051,NBC/WSJ,20051,43,44,13,2014-07-30,2014-08-03,558,95,#N/A,0,0,0,0,0,1,0
Obama,2014,rasmussen-20042,Rasmussen,20042,38,42,21,2014-07-28,2014-08-03,557,96,3500,0,1,0,0,0,0,1
Obama,2014,ap-gfk-web-20024,AP-GfK (Web),20024,33,33,33,2014-07-24,2014-07-28,552,101,1044,1,0,0,0,1,0,0
Obama,2014,rasmussen-19964,Rasmussen,19964,41,39,21,2014-07-21,2014-07-27,550,103,3500,0,1,0,0,0,0,1
Obama,2014,fox-19979,FOX,19979,43,41,16,2014-07-20,2014-07-22,547,106,1057,0,0,0,0,0,1,0
Obama,2014,cnn-19958,CNN,19958,48,44,8,2014-07-18,2014-07-20,545,108,#N/A,0,0,0,0,0,1,0
Obama,2014,rasmussen-19893,Rasmussen,19893,39,39,22,2014-07-14,2014-07-20,543,110,3500,0,1,0,0,0,0,1
Obama,2014,pew-19916,Pew,19916,47,45,9,2014-07-08,2014-07-14,537,116,1420,0,0,0,0,0,1,0
Obama,2014,rasmussen-19849,Rasmussen,19849,39,38,23,2014-07-07,2014-07-13,536,117,3500,0,1,0,0,0,0,1
Obama,2014,rasmussen-19804,Rasmussen,19804,41,38,22,2014-06-30,2014-07-06,529,124,3500,0,1,0,0,0,0,1
Obama,2014,quinnipiac-19810,Quinnipiac,19810,41,39,21,2014-06-24,2014-06-30,523,130,1446,0,0,0,0,0,1,0
Obama,2014,rasmussen-19776,Rasmussen,19776,40,38,21,2014-06-23,2014-06-29,522,131,3500,0,1,0,0,0,0,1
Obama,2014,fox-19751,FOX,19751,42,42,15,2014-06-21,2014-06-23,518,135,1018,0,0,0,0,0,1,0
Obama,2014,cbs-times-19740,CBS/Times,19740,42,39,19,2014-06-20,2014-06-22,517,136,#N/A,0,0,0,0,0,1,0
Obama,2014,rasmussen-19736,Rasmussen,19736,40,38,22,2014-06-16,2014-06-22,515,138,3500,0,1,0,0,0,0,1
Obama,2014,nbc-wsj-19698,NBC/WSJ,19698,45,43,12,2014-06-11,2014-06-15,509,144,#N/A,0,0,0,0,0,1,0
Obama,2014,rasmussen-19688,Rasmussen,19688,39,37,24,2014-06-09,2014-06-15,508,145,3500,0,1,0,0,0,0,1
Obama,2014,bloomberg-19630,Bloomberg,19630,43,43,14,2014-06-06,2014-06-09,503.5,149.5,763,0,0,0,0,0,0,1
Obama,2014,rasmussen-19637,Rasmussen,19637,41,37,21,2014-06-02,2014-06-08,501,152,3500,0,1,0,0,0,0,1
Obama,2014,fox-19584,FOX,19584,39,43,18,2014-06-01,2014-06-03,498,155,1006,0,0,0,0,0,1,0
Obama,2014,abc-post-19573,ABC/Post,19573,47,45,9,2014-05-29,2014-06-01,495.5,157.5,#N/A,0,0,0,0,0,1,0
Obama,2014,rasmussen-19578,Rasmussen,19578,41,38,22,2014-05-26,2014-06-01,494,159,3500,0,1,0,0,0,0,1
Obama,2014,rasmussen-19549,Rasmussen,19549,42,38,20,2014-05-19,2014-05-25,487,166,3500,0,1,0,0,0,0,1
Obama,2014,ap-gfk-web-19533,AP-GfK (Web),19533,37,31,32,2014-05-16,2014-05-19,482.5,170.5,1354,1,0,0,0,1,0,0
Obama,2014,cbs-19515,CBS,19515,40,39,20,2014-05-16,2014-05-19,482.5,170.5,#N/A,0,0,0,0,0,1,0
Obama,2014,rasmussen-19481,Rasmussen,19481,41,37,21,2014-05-12,2014-05-18,480,173,3500,0,1,0,0,0,0,1
Obama,2014,fox-19450,FOX,19450,43,40,17,2014-05-10,2014-05-13,476.5,176.5,1025,0,0,0,0,0,1,0
Obama,2014,rasmussen-19419,Rasmussen,19419,40,38,21,2014-05-05,2014-05-10,472.5,180.5,3500,0,1,0,0,0,0,1
Obama,2014,cnn-19384,CNN,19384,45,46,9,2014-05-02,2014-05-04,468,185,911,0,0,0,0,0,1,0
Obama,2014,rasmussen-19382,Rasmussen,19382,41,37,0,2014-04-28,2014-05-04,466,187,3500,0,1,0,0,0,0,1
Obama,2014,abc-post-19341,ABC/Post,19341,45,44,11,2014-04-24,2014-04-27,460.5,192.5,#N/A,0,0,0,0,0,1,0
Obama,2014,pew-usa-today-19377,Pew/USA Today,19377,43,47,9,2014-04-23,2014-04-27,460,193,1162,0,0,0,0,0,1,0
Obama,2014,nbc-wsj-19357,NBC/WSJ,19357,45,45,10,2014-04-23,2014-04-27,460,193,#N/A,0,0,0,0,0,1,0
Obama,2014,rasmussen-19329,Rasmussen,19329,38,40,22,2014-04-21,2014-04-27,459,194,3500,0,1,0,0,0,0,1
Obama,2014,rasmussen-19289,Rasmussen,19289,40,41,20,2014-04-14,2014-04-20,452,201,3500,0,1,0,0,0,0,1
Obama,2014,fox-19256,FOX,19256,41,44,16,2014-04-13,2014-04-15,449,204,1012,0,0,0,0,0,1,0
Obama,2014,rasmussen-19248,Rasmussen,19248,40,38,22,2014-04-07,2014-04-13,445,208,3500,0,1,0,0,0,0,1
Obama,2014,mcclatchy-marist-19252,McClatchy/Marist,19252,48,42,10,2014-04-07,2014-04-10,443.5,209.5,1036,0,0,0,0,0,1,0
Obama,2014,rasmussen-19215,Rasmussen,19215,40,39,0,2014-03-31,2014-04-06,438,215,3500,0,1,0,0,0,0,1
Obama,2014,quinnipiac-19163,Quinnipiac,19163,40,38,22,2014-03-26,2014-03-31,432.5,220.5,1578,0,0,0,0,0,1,0
Obama,2014,reason-rupe-19173,Reason/Rupe,19173,40,36,24,2014-03-26,2014-03-30,432,221,1003,0,0,0,0,1,0,0
Obama,2014,rasmussen-19165,Rasmussen,19165,39,38,23,2014-03-24,2014-03-30,431,222,3500,0,1,0,0,0,0,1
Obama,2014,ap-gfk-web-19137,AP-GfK (Web),19137,36,37,27,2014-03-20,2014-03-24,426,227,1012,1,0,0,0,1,0,0
Obama,2014,cbs-19133,CBS,19133,39,39,22,2014-03-20,2014-03-23,425.5,227.5,#N/A,0,0,0,0,0,1,0
Obama,2014,npr-19172,NPR,19172,44,43,12,2014-03-19,2014-03-23,425,228,840,0,0,1,0,0,0,1
Obama,2014,rasmussen-19129,Rasmussen,19129,41,37,22,2014-03-17,2014-03-23,424,229,3500,0,1,0,0,0,0,1
Obama,2014,gwu-battleground-19123,GWU/Battleground,19123,43,43,14,2014-03-16,2014-03-20,422,231,1000,0,0,0,0,0,0,1
Obama,2014,rasmussen-19071,Rasmussen,19071,38,39,23,2014-03-10,2014-03-16,417,236,3500,0,1,0,0,0,0,1
Obama,2014,mclaughlin-r-19061,McLaughlin (R),19061,43,41,17,2014-03-09,2014-03-12,414.5,238.5,1000,1,0,0,1,0,0,1
Obama,2014,ppp-d-19020,PPP (D),19020,43,40,17,2014-03-06,2014-03-09,411.5,241.5,1152,0,0,1,0,0,0,1
Obama,2014,nbc-wsj-19029,NBC/WSJ,19029,43,44,13,2014-03-05,2014-03-09,411,242,#N/A,0,0,0,0,0,1,0
Obama,2014,rasmussen-19012,Rasmussen,19012,39,39,22,2014-03-03,2014-03-09,410,243,3500,0,1,0,0,0,0,1
Obama,2014,fox-18972,FOX,18972,40,38,22,2014-03-02,2014-03-04,407,246,1002,0,0,0,0,0,1,0
Obama,2014,abc-post-18957,ABC/Post,18957,46,45,9,2014-02-27,2014-03-02,404.5,248.5,#N/A,0,0,0,0,0,1,0
Obama,2014,rasmussen-18953,Rasmussen,18953,39,36,0,2014-02-24,2014-03-02,403,250,3500,0,1,0,0,0,0,1
Obama,2014,yougov-economist-18940,YouGov/Economist,18940,36,35,30,2014-02-22,2014-02-24,399,254,1000,1,0,0,0,1,0,0
Obama,2014,cbs-times-18937,CBS/Times,18937,39,42,21,2014-02-19,2014-02-23,397,256,#N/A,0,0,0,0,0,1,0
Obama,2014,rasmussen-18913,Rasmussen,18913,41,37,22,2014-02-17,2014-02-23,396,257,3500,0,1,0,0,0,0,1
Obama,2014,yougov-economist-18876,YouGov/Economist,18876,34,27,40,2014-02-15,2014-02-17,392,261,1000,1,0,0,0,1,0,0
Obama,2014,rasmussen-18868,Rasmussen,18868,41,37,0,2014-02-10,2014-02-16,389,264,3500,0,1,0,0,0,0,1
Obama,2014,mclaughlin-r-19060,McLaughlin (R),19060,41,41,19,2014-02-06,2014-02-12,385,268,1000,1,0,0,1,0,0,1
Obama,2014,yougov-economist-18916,YouGov/Economist,18916,38,28,34,2014-02-08,2014-02-10,385,268,1000,1,0,0,0,1,0,0
Obama,2014,mcclatchy-marist-18837,McClatchy/Marist,18837,46,44,9,2014-02-04,2014-02-09,382.5,270.5,970,0,0,0,0,0,1,0
Obama,2014,rasmussen-18841,Rasmussen,18841,40,38,22,2014-02-03,2014-02-09,382,271,3500,0,1,0,0,0,0,1
Obama,2014,yougov-economist-18799,YouGov/Economist,18799,35,29,37,2014-02-01,2014-02-03,378,275,1000,1,0,0,0,1,0,0
Obama,2014,rasmussen-18794,Rasmussen,18794,39,40,21,2014-01-27,2014-02-02,375,278,3500,0,1,0,0,0,0,1
Obama,2014,yougov-economist-18746,YouGov/Economist,18746,39,27,34,2014-01-25,2014-01-27,371,282,1000,1,0,0,0,1,0,0
Obama,2014,ppp-d-18736,PPP (D),18736,40,42,18,2014-01-23,2014-01-26,369.5,283.5,845,0,0,1,0,0,0,1
Obama,2014,rasmussen-18743,Rasmussen,18743,42,37,21,2014-01-20,2014-01-26,368,285,3500,0,1,0,0,0,0,1
Obama,2014,nbc-wsj-18737,NBC/WSJ,18737,45,43,12,2014-01-22,2014-01-25,368.5,284.5,#N/A,0,0,0,0,0,1,0
Obama,2014,fox-18712,FOX,18712,41,43,17,2014-01-19,2014-01-21,365,288,1010,0,0,0,0,0,1,0
Obama,2014,ap-gfk-web-18725,AP-GfK (Web),18725,39,32,30,2014-01-17,2014-01-21,364,289,1060,1,0,0,0,1,0,0
Obama,2014,yougov-economist-18722,YouGov/Economist,18722,38,29,34,2014-01-18,2014-01-20,364,289,1000,1,0,0,0,1,0,0
Obama,2014,quinnipiac-18703,Quinnipiac,18703,37,38,26,2014-01-15,2014-01-19,362,291,1933,0,0,0,0,0,1,0
Obama,2014,rasmussen-18719,Rasmussen,18719,41,35,23,2014-01-13,2014-01-19,361,292,3500,0,1,0,0,0,0,1
Obama,2014,mclaughlin-r-madison-coalition-19059,McLaughlin (R-Madison Coalition),19059,42,41,16,2014-01-14,2014-01-17,360.5,292.5,1000,1,0,0,1,0,0,1
Obama,2014,yougov-economist-18681,YouGov/Economist,18681,37,28,36,2014-01-11,2014-01-13,357,296,1000,1,0,0,0,1,0,0
Obama,2014,rasmussen-18668,Rasmussen,18668,41,37,22,2014-01-06,2014-01-12,354,299,3500,0,1,0,0,0,0,1
Obama,2014,quinnipiac-18644,Quinnipiac,18644,37,38,25,2014-01-04,2014-01-07,350.5,302.5,1487,0,0,0,0,0,1,0
Obama,2014,yougov-economist-18646,YouGov/Economist,18646,38,28,35,2014-01-04,2014-01-06,350,303,1000,1,0,0,0,1,0,0
Obama,2014,rasmussen-18637,Rasmussen,18637,40,38,23,2013-12-30,2014-01-05,347,306,3500,0,1,0,0,0,0,1
Obama,2014,yougov-economist-18640,YouGov/Economist,18640,34,29,37,2013-12-28,2013-12-30,343,310,1000,1,0,0,0,1,0,0
Obama,2014,rasmussen-18622,Rasmussen,18622,40,40,20,2013-12-23,2013-12-29,340,313,3500,0,0,0,0,0,0,1
Obama,2014,rasmussen-18603,Rasmussen,18603,39,42,19,2013-12-16,2013-12-22,333,320,3500,0,0,0,0,0,0,1
Obama,2014,cnn-18605,CNN,18605,44,49,0,2013-12-16,2013-12-19,331.5,321.5,950,0,0,0,0,0,1,0
Obama,2014,yougov-economist-18635,YouGov/Economist,18635,39,34,27,2013-12-14,2013-12-16,329,324,1000,1,0,0,0,1,0,0
Obama,2014,fox-18575,FOX,18575,43,43,15,2013-12-14,2013-12-16,329,324,1027,0,0,0,0,0,1,0
Obama,2014,yougov-economist-18573,YouGov/Economist,18573,37,30,33,2013-12-14,2013-12-16,329,324,1000,1,0,0,0,1,0,0
Obama,2014,ppp-d-18552,PPP (D),18552,43,40,17,2013-12-12,2013-12-15,327.5,325.5,1316,0,0,1,0,0,0,1
Obama,2014,abc-post-18550,ABC/Post,18550,47,45,9,2013-12-12,2013-12-15,327.5,325.5,#N/A,0,0,0,0,0,1,0
Obama,2014,rasmussen-18582,Rasmussen,18582,40,40,20,2013-12-09,2013-12-15,326,327,3500,0,0,0,0,0,0,1
Obama,2014,yougov-economist-18521,YouGov/Economist,18521,37,34,29,2013-12-07,2013-12-09,322,331,1000,1,0,0,0,1,0,0
Obama,2014,ap-gfk-web-18514,AP-GfK (Web),18514,39,33,28,2013-12-05,2013-12-09,321,332,1367,1,0,0,0,1,0,0
Obama,2014,quinnipiac-18505,Quinnipiac,18505,38,41,21,2013-12-03,2013-12-09,320,333,2692,0,0,0,0,0,1,0
Obama,2014,nbc-wsj-18516,NBC/WSJ,18516,42,44,14,2013-12-05,2013-12-08,320.5,332.5,#N/A,0,0,0,0,0,1,0
Obama,2014,reason-rupe-18513,Reason/Rupe,18513,33,27,40,2013-12-04,2013-12-08,320,333,1011,0,0,0,0,1,0,0
Obama,2014,pew-usa-today-18528,Pew/USA Today,18528,48,44,8,2013-12-03,2013-12-08,319.5,333.5,1579,0,0,0,0,0,1,0
Obama,2014,rasmussen-18523,Rasmussen,18523,38,43,19,2013-12-02,2013-12-08,319,334,3500,0,0,0,0,0,0,1
Obama,2014,mcclatchy-marist-18506,McClatchy/Marist,18506,43,43,14,2013-12-03,2013-12-05,318,335,988,0,0,0,0,0,1,0
Obama,2014,yougov-economist-18484,YouGov/Economist,18484,38,30,31,2013-11-30,2013-12-02,315,338,1000,1,0,0,0,1,0,0
Obama,2014,rasmussen-18487,Rasmussen,18487,38,43,19,2013-11-25,2013-12-01,312,341,3500,0,0,0,0,0,0,1
Obama,2014,yougov-economist-18474,YouGov/Economist,18474,36,32,31,2013-11-23,2013-11-25,308,345,1000,1,0,0,0,1,0,0
Obama,2014,rasmussen-18456,Rasmussen,18456,41,40,19,2013-11-18,2013-11-24,305,348,3500,0,0,0,0,0,0,1
Obama,2014,cnn-18458,CNN,18458,47,49,5,2013-11-18,2013-11-20,303,350,749,0,0,0,0,0,1,0
Obama,2014,yougov-economist-18435,YouGov/Economist,18435,36,26,37,2013-11-16,2013-11-18,301,352,1000,1,0,0,0,1,0,0
Obama,2014,rasmussen-18432,Rasmussen,18432,39,40,20,2013-11-11,2013-11-17,298,355,3500,0,0,0,0,0,0,1
Obama,2014,fox-18399,FOX,18399,40,43,17,2013-11-10,2013-11-12,295,358,1006,0,0,0,0,0,1,0
Obama,2014,yougov-economist-18401,YouGov/Economist,18401,34,27,39,2013-11-09,2013-11-11,294,359,1000,1,0,0,0,1,0,0
Obama,2014,quinnipiac-18397,Quinnipiac,18397,39,39,23,2013-11-06,2013-11-11,292.5,360.5,2545,0,0,0,0,0,1,0
Obama,2014,rasmussen-18402,Rasmussen,18402,41,39,20,2013-11-04,2013-11-10,291,362,3500,0,0,0,0,0,0,1
Obama,2014,yougov-economist-18372,YouGov/Economist,18372,35,27,37,2013-11-02,2013-11-04,287,366,1000,1,0,0,0,1,0,0
Obama,2014,rasmussen-18362,Rasmussen,18362,43,37,20,2013-10-28,2013-11-03,284,369,3500,0,0,0,0,0,0,1
Obama,2014,ppp-d-18338,PPP (D),18338,44,38,18,2013-10-29,2013-10-31,283,370,649,0,0,1,0,0,0,1
Obama,2014,gwu-battleground-18357,GWU/Battleground,18357,45,41,15,2013-10-27,2013-10-31,282,371,1000,0,0,0,0,0,0,1
Obama,2014,yougov-economist-18325,YouGov/Economist,18325,37,28,35,2013-10-26,2013-10-28,280,373,1000,1,0,0,0,1,0,0
Obama,2014,nbc-wsj-18326,NBC/WSJ,18326,45,41,14,2013-10-25,2013-10-28,279.5,373.5,#N/A,0,0,0,0,0,1,0
Obama,2014,rasmussen-18304,Rasmussen,18304,43,37,20,2013-10-21,2013-10-27,277,376,3500,0,0,0,0,0,0,1
Obama,2014,fox-18252,FOX,18252,45,37,17,2013-10-20,2013-10-22,274,379,1020,0,0,0,0,0,1,0
Obama,2014,cnn-18227,CNN,18227,50,42,7,2013-10-18,2013-10-20,272,381,#N/A,0,0,0,0,0,1,0
Obama,2014,abc-post-18226,ABC/Post,18226,48,40,11,2013-10-17,2013-10-20,271.5,381.5,865,0,0,0,0,0,1,0
Obama,2014,rasmussen-18234,Rasmussen,18234,43,36,21,2013-10-14,2013-10-20,270,383,3500,0,0,0,0,0,0,1
Obama,2014,pew-18190,Pew,18190,49,43,8,2013-10-09,2013-10-13,264,389,1259,0,0,0,0,0,1,0
Obama,2014,rasmussen-18185,Rasmussen,18185,45,38,18,2013-10-07,2013-10-13,263,390,3500,0,0,0,0,0,0,1
Obama,2014,gqr-d-18172,GQR (D),18172,46,36,19,2013-10-07,2013-10-10,261.5,391.5,801,0,0,1,0,0,1,0
Obama,2014,nbc-wsj-18169,NBC/WSJ,18169,47,39,14,2013-10-07,2013-10-09,261,392,688,0,0,0,0,0,1,0
Obama,2014,democracy-corps-d-wvwv-18167,Democracy Corps (D-WVWV),18167,47,43,10,2013-10-06,2013-10-08,260,393,860,0,0,1,0,0,0,1
Obama,2014,ppp-d-18151,PPP (D),18151,46,41,14,2013-10-04,2013-10-06,258,395,1000,0,0,1,0,0,0,1
Obama,2014,rasmussen-18165,Rasmussen,18165,40,40,20,2013-09-30,2013-10-06,256,397,3500,0,0,0,0,0,0,1
Obama,2014,rasmussen-18128,Rasmussen,18128,42,38,20,2013-09-23,2013-09-29,249,404,3500,0,0,0,0,0,0,1
Obama,2014,quinnipiac-18107,Quinnipiac,18107,43,34,23,2013-09-23,2013-09-29,249,404,1497,0,0,0,0,0,1,0
Obama,2014,ppp-d-18113,PPP (D),18113,45,40,15,2013-09-25,2013-09-26,248.5,404.5,709,0,0,1,0,0,0,1
Obama,2014,rasmussen-18093,Rasmussen,18093,40,37,22,2013-09-16,2013-09-22,242,411,3500,0,0,0,0,0,0,1
Obama,2014,rasmussen-17959,Rasmussen,17959,38,38,24,2013-09-09,2013-09-15,235,418,3500,0,0,0,0,0,0,1
Obama,2014,nbc-wsj-17917,NBC/WSJ,17917,46,43,11,2013-09-05,2013-09-08,229.5,423.5,1000,0,0,0,0,1,0,0
Obama,2014,rasmussen-17958,Rasmussen,17958,39,39,22,2013-09-02,2013-09-08,228,425,3500,0,0,0,0,0,0,1
Obama,2014,rasmussen-17907,Rasmussen,17907,39,37,24,2013-08-26,2013-09-01,221,432,3500,0,0,0,0,0,0,1
Obama,2014,rasmussen-17879,Rasmussen,17879,38,39,23,2013-08-19,2013-08-25,214,439,3500,0,0,0,0,0,0,1
Obama,2014,rasmussen-17836,Rasmussen,17836,38,38,24,2013-08-12,2013-08-18,207,446,3500,0,0,0,0,0,0,1
Obama,2014,rasmussen-17807,Rasmussen,17807,39,39,22,2013-08-05,2013-08-11,200,453,3500,0,0,0,0,0,0,1
Obama,2014,rasmussen-17776,Rasmussen,17776,38,41,21,2013-07-29,2013-08-04,193,460,3500,0,0,0,0,0,0,1
Obama,2014,quinnipiac-17764,Quinnipiac,17764,40,36,24,2013-07-28,2013-07-31,190.5,462.5,1468,0,0,0,0,0,1,0
Obama,2014,rasmussen-17750,Rasmussen,17750,39,38,23,2013-07-22,2013-07-28,186,467,3500,0,0,0,0,0,0,1
Obama,2014,nbc-wsj-17722,NBC/WSJ,17722,44,44,12,2013-07-17,2013-07-21,180,473,#N/A,0,0,0,0,0,1,0
Obama,2014,rasmussen-17714,Rasmussen,17714,40,38,23,2013-07-15,2013-07-21,179,474,3500,0,0,0,0,0,0,1
Obama,2014,democracy-corps-d-wvwv-17739,Democracy Corps (D-WVWV),17739,43,44,13,2013-07-10,2013-07-15,173.5,479.5,841,0,0,1,0,0,0,1
Obama,2014,rasmussen-17683,Rasmussen,17683,38,39,23,2013-07-08,2013-07-14,172,481,3500,0,0,0,0,0,0,1
Obama,2014,quinnipiac-17657,Quinnipiac,17657,39,34,26,2013-06-28,2013-07-08,164,489,2014,0,0,0,0,0,1,0
Obama,2014,rasmussen-17644,Rasmussen,17644,39,40,21,2013-07-01,2013-07-07,165,488,3500,0,0,0,0,0,0,1
Obama,2014,rasmussen-17625,Rasmussen,17625,38,39,23,2013-06-24,2013-06-30,158,495,3500,0,0,0,0,0,0,1
Obama,2014,rasmussen-17596,Rasmussen,17596,40,39,22,2013-06-17,2013-06-23,151,502,3500,0,0,0,0,0,0,1
Obama,2014,rasmussen-17565,Rasmussen,17565,39,39,23,2013-06-10,2013-06-16,144,509,3500,0,0,0,0,0,0,1
Obama,2014,ppp-d-17550,PPP (D),17550,47,40,12,2013-06-11,2013-06-13,143,510,603,0,0,1,0,0,0,1
Obama,2014,rasmussen-17523,Rasmussen,17523,40,38,21,2013-06-03,2013-06-09,137,516,3500,0,0,0,0,0,0,1
Obama,2014,nbc-wsj-17490,NBC/WSJ,17490,45,42,13,2013-05-30,2013-06-02,131.5,521.5,#N/A,0,0,0,0,0,1,0
Obama,2014,rasmussen-17494,Rasmussen,17494,40,40,20,2013-05-27,2013-06-02,130,523,3500,0,0,0,0,0,0,1
Obama,2014,quinnipiac-17470,Quinnipiac,17470,38,38,24,2013-05-22,2013-05-28,125,528,1419,0,0,0,0,0,1,0
Obama,2014,rasmussen-17465,Rasmussen,17465,41,39,21,2013-05-20,2013-05-26,123,530,3500,0,0,0,0,0,0,1
Obama,2014,abc-post-17424,ABC/Post,17424,48,40,13,2013-05-15,2013-05-19,117,536,#N/A,0,0,0,0,0,1,0
Obama,2014,rasmussen-17423,Rasmussen,17423,39,40,21,2013-05-13,2013-05-19,116,537,3500,0,0,0,0,0,0,1
Obama,2014,rasmussen-17405,Rasmussen,17405,40,38,22,2013-05-06,2013-05-11,108.5,544.5,3500,0,0,0,0,0,0,1
Obama,2014,rasmussen-17355,Rasmussen,17355,40,38,23,2013-04-29,2013-05-05,102,551,3500,0,0,0,0,0,0,1
Obama,2014,quinnipiac-17331,Quinnipiac,17331,41,37,23,2013-04-25,2013-04-29,97,556,1471,0,0,0,0,0,1,0
Obama,2014,rasmussen-17326,Rasmussen,17326,39,40,21,2013-04-22,2013-04-28,95,558,3500,0,0,0,0,0,0,1
Obama,2014,rasmussen-17295,Rasmussen,17295,41,39,20,2013-04-15,2013-04-21,88,565,3500,0,0,0,0,0,0,1
Obama,2014,rasmussen-17265,Rasmussen,17265,42,38,20,2013-04-08,2013-04-14,81,572,3500,0,0,0,0,0,0,1
Obama,2014,rasmussen-17248,Rasmussen,17248,41,38,21,2013-04-01,2013-04-07,74,579,3500,0,0,0,0,0,0,1
Obama,2014,quinnipiac-17216,Quinnipiac,17216,43,35,22,2013-03-26,2013-04-01,68,585,1711,0,0,0,0,0,1,0
Obama,2014,rasmussen-17227,Rasmussen,17227,44,37,19,2013-03-25,2013-03-31,67,586,3500,0,0,0,0,0,0,1
Obama,2014,rasmussen-17224,Rasmussen,17224,43,38,19,2013-03-18,2013-03-24,60,593,3500,0,0,0,0,0,0,1
Obama,2014,rasmussen-17179,Rasmussen,17179,43,38,19,2013-03-11,2013-03-17,53,600,3500,0,0,0,0,0,0,1
Obama,2014,democracy-corps-d-17151,Democracy Corps (D),17151,46,42,12,2013-03-09,2013-03-12,49.5,603.5,840,0,0,1,0,0,0,1
Obama,2014,rasmussen-17138,Rasmussen,17138,43,40,17,2013-03-04,2013-03-10,46,607,3500,0,0,0,0,0,0,1
Obama,2014,rasmussen-17110,Rasmussen,17110,43,40,17,2013-02-25,2013-03-03,39,614,3500,0,0,0,0,0,0,1
Obama,2014,harper-r-conservative-intelligence-briefing-17097,Harper (R-Conservative Intelligence Briefing),17097,41,42,17,2013-02-25,2013-02-26,36.5,616.5,2184,0,0,0,1,0,0,1
Obama,2014,rasmussen-17075,Rasmussen,17075,43,38,19,2013-02-18,2013-02-24,32,621,3500,0,0,0,0,0,0,1
Obama,2014,rasmussen-17049,Rasmussen,17049,43,37,20,2013-02-11,2013-02-17,25,628,3500,0,0,0,0,0,0,1
Obama,2014,rasmussen-17011,Rasmussen,17011,42,39,19,2013-02-04,2013-02-10,18,635,3500,0,0,0,0,0,0,1
Obama,2014,ppp-d-16990,PPP (D),16990,45,45,10,2013-01-31,2013-02-03,12.5,640.5,800,0,0,1,0,0,0,1
Obama,2014,rasmussen-16980,Rasmussen,16980,44,38,18,2013-01-28,2013-02-03,11,642,3500,0,0,0,0,0,0,1
Obama,2014,rasmussen-16946,Rasmussen,16946,45,37,18,2013-01-21,2013-01-27,4,649,3500,0,0,0,0,0,0,1
Obama,2014,rasmussen-16929,Rasmussen,16929,44,39,18,2013-01-14,2013-01-20,1458,656,3500,0,0,0,0,0,0,1
Obama,2014,democracy-corps-d-16944,Democracy Corps (D),16944,46,42,11,2013-01-10,2013-01-14,1453,661,852,0,0,1,0,0,0,1
Obama,2014,rasmussen-16888,Rasmussen,16888,43,37,19,2013-01-07,2013-01-13,1451,663,3500,0,0,0,0,0,0,1
Obama,2014,rasmussen-16887,Rasmussen,16887,44,38,18,2013-01-02,2013-01-06,1445,669,3500,0,0,0,0,0,0,1
Obama,2014,rasmussen-16852,Rasmussen,16852,46,35,19,2012-12-26,2012-12-30,1438,676,3500,0,0,0,0,0,0,1
Obama,2014,rasmussen-16851,Rasmussen,16851,44,38,18,2012-12-17,2012-12-22,1429.5,684.5,3500,0,0,0,0,0,0,1
Obama,2014,rasmussen-16850,Rasmussen,16850,46,38,16,2012-12-10,2012-12-16,1423,691,3500,0,0,0,0,0,0,1
Obama,2014,rasmussen-16849,Rasmussen,16849,46,36,17,2012-12-03,2012-12-09,1416,698,3500,0,0,0,0,0,0,1
Obama,2014,politico-gwu-battleground-16794,Politico/GWU/Battleground,16794,44,42,13,2012-12-02,2012-12-06,1414,700,1000,0,0,0,0,0,0,1
Obama,2014,rasmussen-16775,Rasmussen,16775,47,36,18,2012-11-26,2012-12-02,1409,705,3500,0,0,0,0,0,0,1
Obama,2014,rasmussen-16737,Rasmussen,16737,45,40,15,2012-11-19,2012-11-25,1402,712,3500,0,0,0,0,0,0,1
Obama,2014,rasmussen-16735,Rasmussen,16735,45,40,15,2012-11-12,2012-11-18,1395,719,3500,0,0,0,0,0,0,1
Obama,2012,yougov-economist-16733,YouGov/Economist,16733,44,44,12,2012-11-03,2012-11-05,1384,2,743,1,0,0,0,0,0,1
Obama,2012,cnn-16606,CNN,16606,48,49,1,2012-11-02,2012-11-04,1383,3,693,0,0,0,0,0,0,1
Obama,2012,dailykos-seiu-ppp-d-16640,DailyKos/SEIU/PPP (D),16640,47,46,7,2012-11-01,2012-11-04,1382.5,3.5,1300,0,0,1,0,0,0,1
Obama,2012,democracy-corps-d-16617,Democracy Corps (D),16617,46,46,9,2012-11-01,2012-11-04,1382.5,3.5,1080,0,0,1,0,0,0,1
Obama,2012,rasmussen-16649,Rasmussen,16649,46,46,8,2012-10-29,2012-11-04,1381,5,7000,0,0,0,0,0,0,1
Obama,2012,nbc-wsj-16546,NBC/WSJ,16546,47,45,8,2012-11-01,2012-11-03,1382,4,1475,0,0,0,0,0,0,1
Obama,2012,yougov-economist-16365,YouGov/Economist,16365,41,45,12,2012-10-26,2012-10-28,1376,10,688,1,0,0,0,0,0,1
Obama,2012,united-technologies-national-journal-16380,United Technologies/National Journal,16380,44,47,0,2012-10-25,2012-10-28,1375.5,10.5,713,0,0,0,0,0,0,1
Obama,2012,cbs-times-16346,CBS/Times,16346,48,46,5,2012-10-25,2012-10-28,1375.5,10.5,563,0,0,0,0,0,0,1
Obama,2012,dailykos-seiu-ppp-d-16322,DailyKos/SEIU/PPP (D),16322,47,46,7,2012-10-25,2012-10-28,1375.5,10.5,1400,0,0,1,0,0,0,1
Obama,2012,rasmussen-16288,Rasmussen,16288,43,46,11,2012-10-22,2012-10-28,1374,12,3500,0,0,0,0,0,0,1
Obama,2012,npr-16310,NPR,16310,43,43,13,2012-10-23,2012-10-25,1373,13,1000,0,0,1,0,0,0,1
Obama,2012,politico-gwu-battleground-16258,Politico/GWU/Battleground,16258,45,46,9,2012-10-22,2012-10-25,1372.5,13.5,1000,0,0,0,0,0,0,1
Obama,2012,yougov-economist-16066,YouGov/Economist,16066,44,42,14,2012-10-20,2012-10-22,1370,16,803,1,0,0,0,0,0,1
Obama,2012,dailykos-seiu-ppp-d-16074,DailyKos/SEIU/PPP (D),16074,46,46,8,2012-10-18,2012-10-21,1368.5,17.5,1300,0,0,1,0,0,0,1
Obama,2012,democracy-corps-d-16024,Democracy Corps (D),16024,47,44,8,2012-10-18,2012-10-21,1368.5,17.5,1000,0,0,1,0,0,0,1
Obama,2012,rasmussen-16153,Rasmussen,16153,43,44,12,2012-10-15,2012-10-21,1367,19,3500,0,0,0,0,0,0,1
Obama,2012,nbc-wsj-16000,NBC/WSJ,16000,45,43,12,2012-10-17,2012-10-20,1367.5,18.5,1000,0,0,0,0,0,1,0
Obama,2012,politico-gwu-battleground-16012,Politico/GWU/Battleground,16012,46,46,8,2012-10-14,2012-10-18,1365,21,1000,0,0,0,0,0,0,1
Obama,2012,yougov-economist-15873,YouGov/Economist,15873,42,43,16,2012-10-13,2012-10-15,1363,23,826,1,0,0,0,0,0,1
Obama,2012,dailykos-seiu-ppp-d-15824,DailyKos/SEIU/PPP (D),15824,44,49,7,2012-10-12,2012-10-14,1362,24,1600,0,0,1,0,0,0,1
Obama,2012,rasmussen-15807,Rasmussen,15807,43,42,15,2012-10-08,2012-10-14,1360,26,3500,0,0,0,0,0,0,1
Obama,2012,politico-gwu-battleground-15781,Politico/GWU/Battleground,15781,46,44,10,2012-10-07,2012-10-11,1358,28,1000,0,0,0,0,0,0,1
Obama,2012,yougov-economist-15646,YouGov/Economist,15646,46,41,13,2012-10-06,2012-10-08,1356,30,#N/A,1,0,0,0,0,0,1
Obama,2012,dailykos-seiu-ppp-d-15619,DailyKos/SEIU/PPP (D),15619,45,47,7,2012-10-04,2012-10-07,1354.5,31.5,1300,0,0,1,0,0,0,1
Obama,2012,rasmussen-15600,Rasmussen,15600,44,43,13,2012-10-01,2012-10-07,1353,33,3500,0,0,0,0,0,0,1
Obama,2012,politico-gwu-battleground-15584,Politico/GWU/Battleground,15584,46,46,9,2012-10-01,2012-10-04,1351.5,34.5,1000,0,0,0,0,0,0,1
Obama,2012,yougov-economist-15515,YouGov/Economist,15515,43,43,15,2012-09-29,2012-10-01,1349,37,785,1,0,0,0,0,0,1
Obama,2012,united-technologies-national-journal-15484,United Technologies/National Journal,15484,45,43,0,2012-09-27,2012-09-30,1347.5,38.5,789,0,0,0,0,0,0,1
Obama,2012,dailykos-seiu-ppp-d-15473,DailyKos/SEIU/PPP (D),15473,47,45,8,2012-09-27,2012-09-30,1347.5,38.5,1100,0,0,1,0,0,0,1
Obama,2012,npr-15489,NPR,15489,48,45,9,2012-09-26,2012-09-30,1347,39,800,0,0,1,0,0,0,1
Obama,2012,nbc-wsj-15480,NBC/WSJ,15480,47,43,10,2012-09-26,2012-09-30,1347,39,1000,0,0,0,0,0,1,0
Obama,2012,rasmussen-15443,Rasmussen,15443,41,45,14,2012-09-24,2012-09-30,1346,40,3500,0,0,0,0,0,0,1
Obama,2012,bloomberg-15362,Bloomberg,15362,43,45,12,2012-09-21,2012-09-24,1341.5,44.5,789,0,0,0,0,0,0,1
Obama,2012,dailykos-seiu-ppp-d-15291,DailyKos/SEIU/PPP (D),15291,48,44,8,2012-09-20,2012-09-23,1340.5,45.5,1200,0,0,1,0,0,0,1
Obama,2012,rasmussen-15332,Rasmussen,15332,43,44,14,2012-09-17,2012-09-23,1339,47,3500,0,0,0,0,0,0,1
Obama,2012,politico-gwu-battleground-15259,Politico/GWU/Battleground,15259,46,45,9,2012-09-16,2012-09-20,1337,49,1000,0,0,0,0,0,0,1
Obama,2012,yougov-economist-15131,YouGov/Economist,15131,44,36,19,2012-09-15,2012-09-17,1335,51,1000,1,0,0,0,1,0,0
Obama,2012,dailykos-seiu-ppp-d-15102,DailyKos/SEIU/PPP (D),15102,48,45,8,2012-09-13,2012-09-16,1333.5,52.5,1000,0,0,1,0,0,0,1
Obama,2012,rasmussen-15089,Rasmussen,15089,43,44,14,2012-09-10,2012-09-16,1332,54,3500,0,0,0,0,0,0,1
Obama,2012,jz-analytics-15031,JZ Analytics,15031,43,39,18,2012-09-11,2012-09-12,1330.5,55.5,1014,1,0,0,0,0,0,1
Obama,2012,democracy-corps-d-15006,Democracy Corps (D),15006,46,46,7,2012-09-08,2012-09-12,1329,57,1000,0,0,1,0,0,0,1
Obama,2012,yougov-economist-14980,YouGov/Economist,14980,43,36,22,2012-09-08,2012-09-10,1328,58,1000,1,0,0,0,1,0,0
Obama,2012,ipsos-reuters-14978,Ipsos/Reuters,14978,49,43,7,2012-09-07,2012-09-10,1327.5,58.5,942,0,0,0,0,0,1,0
Obama,2012,dailykos-seiu-ppp-d-14960,DailyKos/SEIU/PPP (D),14960,49,43,9,2012-09-07,2012-09-09,1327,59,1000,0,0,1,0,0,0,1
Obama,2012,rasmussen-15022,Rasmussen,15022,44,42,15,2012-09-03,2012-09-09,1325,61,3500,0,0,0,0,0,0,1
Obama,2012,yougov-economist-14895,YouGov/Economist,14895,40,32,29,2012-09-01,2012-09-03,1321,65,1000,1,0,0,0,1,0,0
Obama,2012,rasmussen-15021,Rasmussen,15021,42,43,16,2012-08-27,2012-09-02,1318,68,3500,0,0,0,0,0,0,1
Obama,2012,yougov-economist-14826,YouGov/Economist,14826,36,34,31,2012-08-25,2012-08-27,1314,72,1000,1,0,0,0,1,0,0
Obama,2012,democracy-corps-d-14827,Democracy Corps (D),14827,46,47,7,2012-08-23,2012-08-27,1313,73,1000,0,0,1,0,0,0,1
Obama,2012,dailykos-seiu-ppp-d-14809,DailyKos/SEIU/PPP (D),14809,50,42,8,2012-08-23,2012-08-26,1312.5,73.5,1000,0,0,1,0,0,1,0
Obama,2012,rasmussen-14803,Rasmussen,14803,42,42,16,2012-08-20,2012-08-26,1311,75,3500,0,0,0,0,0,0,1
Obama,2012,resurgent-republic-r-14797,Resurgent Republic (R),14797,44,40,16,2012-08-16,2012-08-22,1307,79,1000,0,0,0,1,0,1,0
Obama,2012,yougov-economist-14729,YouGov/Economist,14729,34,35,30,2012-08-18,2012-08-20,1307,79,1000,1,0,0,0,1,0,0
Obama,2012,nbc-wsj-14718,NBC/WSJ,14718,47,42,11,2012-08-16,2012-08-20,1306,80,1000,0,0,0,0,0,1,0
Obama,2012,dailykos-seiu-ppp-d-14714,DailyKos/SEIU/PPP (D),14714,47,45,8,2012-08-16,2012-08-19,1305.5,80.5,1000,0,0,1,0,0,1,0
Obama,2012,rasmussen-14707,Rasmussen,14707,41,42,18,2012-08-13,2012-08-19,1304,82,3500,0,0,0,0,0,0,1
Obama,2012,yougov-economist-14659,YouGov/Economist,14659,37,35,29,2012-08-11,2012-08-13,1300,86,1000,1,0,0,0,1,0,0
Obama,2012,dailykos-seiu-ppp-d-14653,DailyKos/SEIU/PPP (D),14653,45,45,10,2012-08-09,2012-08-12,1298.5,87.5,1000,0,0,1,0,0,1,0
Obama,2012,rasmussen-14642,Rasmussen,14642,39,42,18,2012-08-06,2012-08-12,1297,89,3500,0,0,0,0,0,0,1
Obama,2012,politico-gwu-battleground-14631,Politico/GWU/Battleground,14631,43,45,13,2012-08-05,2012-08-09,1295,91,1000,0,0,0,0,0,0,1
Obama,2012,yougov-economist-14598,YouGov/Economist,14598,35,33,31,2012-08-04,2012-08-06,1293,93,1000,1,0,0,0,1,0,0
Obama,2012,ipsos-reuters-14591,Ipsos/Reuters,14591,46,46,8,2012-08-02,2012-08-06,1292,94,900,0,0,0,0,0,1,0
Obama,2012,dailykos-seiu-ppp-d-14582,DailyKos/SEIU/PPP (D),14582,46,45,9,2012-08-02,2012-08-05,1291.5,94.5,1000,0,0,1,0,0,1,0
Obama,2012,rasmussen-14575,Rasmussen,14575,39,42,18,2012-07-29,2012-08-05,1289.5,96.5,3500,0,0,0,0,0,0,1
Obama,2012,yougov-economist-14531,YouGov/Economist,14531,36,34,31,2012-07-28,2012-07-30,1286,100,1000,1,0,0,0,1,0,0
Obama,2012,rasmussen-14502,Rasmussen,14502,40,43,16,2012-07-23,2012-07-29,1283,103,3500,0,0,0,0,0,0,1
Obama,2012,democracy-corps-d-14498,Democracy Corps (D),14498,46,46,8,2012-07-21,2012-07-25,1280,106,700,0,0,1,0,0,0,1
Obama,2012,yougov-economist-14451,YouGov/Economist,14451,37,36,27,2012-07-21,2012-07-23,1279,107,1000,1,0,0,0,1,0,0
Obama,2012,dailykos-seiu-ppp-d-14434,DailyKos/SEIU/PPP (D),14434,45,45,10,2012-07-19,2012-07-22,1277.5,108.5,1000,0,0,1,0,0,1,0
Obama,2012,nbc-wsj-14436,NBC/WSJ,14436,46,45,9,2012-07-18,2012-07-22,1277,109,1000,0,0,0,0,0,1,0
Obama,2012,rasmussen-14425,Rasmussen,14425,40,43,16,2012-07-16,2012-07-22,1276,110,3500,0,0,0,0,0,0,1
Obama,2012,yougov-economist-14378,YouGov/Economist,14378,38,34,27,2012-07-14,2012-07-16,1272,114,1000,1,0,0,0,1,0,0
Obama,2012,rasmussen-14359,Rasmussen,14359,40,43,17,2012-07-09,2012-07-15,1269,117,3500,0,0,0,0,0,0,1
Obama,2012,yougov-economist-14304,YouGov/Economist,14304,37,33,31,2012-07-07,2012-07-09,1265,121,1000,1,0,0,0,1,0,0
Obama,2012,ipsos-reuters-14291,Ipsos/Reuters,14291,44,48,8,2012-07-05,2012-07-09,1264,122,885,0,0,0,0,0,1,0
Obama,2012,rasmussen-14280,Rasmussen,14280,40,43,17,2012-07-02,2012-07-08,1262,124,3500,0,0,0,0,0,0,1
Obama,2012,quinnipiac-14292,Quinnipiac,14292,43,40,17,2012-07-01,2012-07-08,1261.5,124.5,2722,0,0,0,0,0,1,0
Obama,2012,yougov-economist-14250,YouGov/Economist,14250,37,34,29,2012-06-30,2012-07-02,1258,128,1000,1,0,0,0,1,0,0
Obama,2012,rasmussen-14238,Rasmussen,14238,40,41,18,2012-06-25,2012-07-01,1255,131,3500,0,0,0,0,0,0,1
Obama,2012,newsweek-daily-beast-14227,Newsweek/Daily Beast,14227,36,38,25,2012-06-28,2012-06-28,1255,131,600,0,0,1,0,0,0,1
Obama,2012,democracy-corps-d-14218,Democracy Corps (D),14218,45,46,2,2012-06-23,2012-06-27,1252,134,1000,0,0,1,0,0,0,1
Obama,2012,yougov-economist-14199,YouGov/Economist,14199,37,32,31,2012-06-23,2012-06-25,1251,135,1000,1,0,0,0,1,0,0
Obama,2012,nbc-wsj-14183,NBC/WSJ,14183,45,44,11,2012-06-20,2012-06-24,1249,137,#N/A,0,0,0,0,0,1,0
Obama,2012,rasmussen-14237,Rasmussen,14237,39,44,17,2012-06-18,2012-06-24,1248,138,3500,0,0,0,0,0,0,1
Obama,2012,yougov-economist-14138,YouGov/Economist,14138,38,33,30,2012-06-16,2012-06-18,1244,142,1000,1,0,0,0,1,0,0
Obama,2012,bloomberg-14132,Bloomberg,14132,48,41,11,2012-06-15,2012-06-18,1243.5,142.5,734,0,0,0,0,0,0,1
Obama,2012,rasmussen-14115,Rasmussen,14115,38,45,16,2012-06-11,2012-06-17,1241,145,3500,0,0,0,0,0,0,1
Obama,2012,pew-14149,Pew,14149,47,43,10,2012-06-07,2012-06-17,1239,147,1563,0,0,0,0,0,1,0
Obama,2012,ipsos-reuters-14080,Ipsos/Reuters,14080,47,44,9,2012-06-07,2012-06-11,1236,150,848,0,0,0,0,0,1,0
Obama,2012,rasmussen-14065,Rasmussen,14065,39,45,16,2012-06-04,2012-06-10,1234,152,3500,0,0,0,0,0,0,1
Obama,2012,monmouth-14032,Monmouth,14032,38,40,21,2012-06-04,2012-06-06,1232,154,1152,0,0,0,0,0,0,1
Obama,2012,dailykos-seiu-ppp-d-14008,DailyKos/SEIU/PPP (D),14008,48,41,10,2012-05-31,2012-06-03,1228.5,157.5,1000,0,0,1,0,0,1,0
Obama,2012,rasmussen-14002,Rasmussen,14002,37,44,19,2012-05-28,2012-06-03,1227,159,3500,0,0,0,0,0,0,1
Obama,2012,cnn-13981,CNN,13981,48,45,5,2012-05-29,2012-05-31,1226,160,895,0,0,0,0,0,1,0
Obama,2012,rasmussen-13926,Rasmussen,13926,39,42,19,2012-05-21,2012-05-27,1220,166,3500,0,0,0,0,0,0,1
Obama,2012,nbc-wsj-13873,NBC/WSJ,13873,44,43,13,2012-05-16,2012-05-20,1214,172,#N/A,0,0,0,0,0,1,0
Obama,2012,rasmussen-13855,Rasmussen,13855,39,43,0,2012-05-14,2012-05-20,1213,173,3500,0,0,0,0,0,0,1
Obama,2012,gallup-13817,Gallup,13817,44,50,6,2012-05-10,2012-05-13,1207.5,178.5,1012,0,0,0,0,1,0,0
Obama,2012,rasmussen-13854,Rasmussen,13854,38,45,0,2012-05-07,2012-05-12,1205.5,180.5,3500,0,0,0,0,0,0,1
Obama,2012,ipsos-reuters-13713,Ipsos/Reuters,13713,46,44,9,2012-05-03,2012-05-07,1201,185,959,0,0,0,0,0,1,0
Obama,2012,rasmussen-13853,Rasmussen,13853,41,44,0,2012-04-30,2012-05-06,1199,187,3500,0,0,0,0,0,0,1
Obama,2012,politico-gwu-battleground-13852,Politico/GWU/Battleground,13852,43,45,11,2012-04-29,2012-05-03,1197,189,1000,0,0,0,0,0,0,1
Obama,2012,resurgent-republic-r-13733,Resurgent Republic (R),13733,45,40,14,2012-04-30,2012-05-02,1197,189,1000,0,0,0,1,0,1,0
Obama,2012,democracy-corps-d-13683,Democracy Corps (D),13683,46,45,6,2012-04-28,2012-05-01,1195.5,190.5,1000,0,0,1,0,0,0,1
Obama,2012,dailykos-seiu-ppp-d-13658,DailyKos/SEIU/PPP (D),13658,47,42,11,2012-04-26,2012-04-29,1193.5,192.5,1000,0,0,1,0,0,1,0
Obama,2012,rasmussen-13652,Rasmussen,13652,40,43,0,2012-04-23,2012-04-29,1192,194,3500,0,0,0,0,0,0,1
Obama,2012,rasmussen-13593,Rasmussen,13593,40,43,0,2012-04-16,2012-04-22,1185,201,3500,0,0,0,0,0,0,1
Obama,2012,nbc-wsj-13569,NBC/WSJ,13569,46,44,10,2012-04-13,2012-04-17,1181,205,#N/A,0,0,0,0,0,1,0
Obama,2012,quinnipiac-13560,Quinnipiac,13560,40,39,18,2012-04-11,2012-04-17,1180,206,2577,0,0,0,0,0,1,0
Obama,2012,dailykos-seiu-ppp-d-13557,DailyKos/SEIU/PPP (D),13557,48,44,8,2012-04-12,2012-04-15,1179.5,206.5,1000,0,0,1,0,0,1,0
Obama,2012,ipsos-reuters-13538,Ipsos/Reuters,13538,42,41,17,2012-04-12,2012-04-15,1179.5,206.5,891,0,0,0,0,0,1,0
Obama,2012,rasmussen-13545,Rasmussen,13545,36,46,0,2012-04-09,2012-04-15,1178,208,3500,0,0,0,0,0,0,1
Obama,2012,rasmussen-13544,Rasmussen,13544,40,45,0,2012-04-02,2012-04-08,1171,215,3500,0,0,0,0,0,0,1
Obama,2012,rasmussen-13543,Rasmussen,13543,39,45,0,2012-03-26,2012-04-01,1164,222,3500,0,0,0,0,0,0,1
Obama,2012,rasmussen-13339,Rasmussen,13339,38,43,19,2012-03-19,2012-03-26,1157.5,228.5,3500,0,0,0,0,0,0,1
Obama,2012,marist-mcclatchy-13395,Marist/McClatchy,13395,43,47,10,2012-03-20,2012-03-22,1156,230,846,0,0,0,0,0,1,0
Obama,2012,marist-mcclatchy-13344,Marist/McClatchy,13344,43,47,10,2012-03-20,2012-03-22,1156,230,846,0,0,0,0,0,1,0
Obama,2012,rasmussen-13310,Rasmussen,13310,40,44,16,2012-03-12,2012-03-18,1150,236,3500,0,0,0,0,0,0,1
Obama,2012,ipsos-reuters-13208,Ipsos/Reuters,13208,47,43,9,2012-03-08,2012-03-11,1144.5,241.5,937,0,0,0,0,0,1,0
Obama,2012,bloomberg-13207,Bloomberg,13207,44,46,10,2012-03-08,2012-03-11,1144.5,241.5,746,0,0,0,0,0,0,1
Obama,2012,rasmussen-13311,Rasmussen,13311,38,44,18,2012-03-05,2012-03-11,1143,243,3500,0,0,0,0,0,0,1
Obama,2012,dailykos-seiu-ppp-d-13168,DailyKos/SEIU/PPP (D),13168,44,44,11,2012-03-01,2012-03-04,1137.5,248.5,1000,0,0,1,0,0,1,0
Obama,2012,rasmussen-13312,Rasmussen,13312,41,44,15,2012-02-27,2012-03-04,1136,250,3500,0,0,0,0,0,0,1
Obama,2012,nbc-wsj-13135,NBC/WSJ,13135,46,41,13,2012-02-29,2012-03-03,1136.5,249.5,800,0,0,0,0,1,0,0
Obama,2012,rasmussen-13313,Rasmussen,13313,39,43,17,2012-02-20,2012-02-26,1129,257,3500,0,0,0,0,0,0,1
Obama,2012,politico-gwu-battleground-13244,Politico/GWU/Battleground,13244,46,45,8,2012-02-19,2012-02-22,1126.5,259.5,1000,0,0,0,0,0,0,1
Obama,2012,quinnipiac-12992,Quinnipiac,12992,38,40,20,2012-02-14,2012-02-20,1123,263,2605,0,0,0,0,0,1,0
Obama,2012,gallup-13020,Gallup,13020,47,47,6,2012-02-16,2012-02-19,1123.5,262.5,1014,0,0,0,0,1,0,0
Obama,2012,dailykos-seiu-ppp-d-12988,DailyKos/SEIU/PPP (D),12988,46,39,15,2012-02-16,2012-02-19,1123.5,262.5,1000,0,0,1,0,0,1,0
Obama,2012,rasmussen-13314,Rasmussen,13314,41,42,17,2012-02-13,2012-02-19,1122,264,3500,0,0,0,0,0,0,1
Obama,2012,democracy-corps-d-12934,Democracy Corps (D),12934,47,45,7,2012-02-11,2012-02-14,1118.5,267.5,1000,0,0,1,0,0,0,1
Obama,2012,harris-internet-13280,Harris (internet),13280,37,33,30,2012-02-06,2012-02-13,1115.5,270.5,2056,1,0,0,0,1,0,0
Obama,2012,rasmussen-13315,Rasmussen,13315,41,43,16,2012-02-06,2012-02-12,1115,271,3500,0,0,0,0,0,0,1
Obama,2012,ipsos-reuters-12743,Ipsos/Reuters,12743,46,44,7,2012-02-02,2012-02-06,1110,276,881,0,0,0,0,0,1,0
Obama,2012,dailykos-seiu-ppp-d-12746,DailyKos/SEIU/PPP (D),12746,46,43,12,2012-02-02,2012-02-05,1109.5,276.5,1000,0,0,1,0,0,1,0
Obama,2012,rasmussen-13316,Rasmussen,13316,41,43,17,2012-01-30,2012-02-05,1108,278,3500,0,0,0,0,0,0,1
Obama,2012,rasmussen-12808,Rasmussen,12808,41,40,18,2012-01-23,2012-01-29,1101,285,3500,0,0,0,0,0,0,1
Obama,2012,nbc-wsj-12644,NBC/WSJ,12644,47,41,12,2012-01-22,2012-01-24,1098,288,1000,0,0,0,0,1,0,0
Obama,2012,rasmussen-12801,Rasmussen,12801,39,42,19,2012-01-16,2012-01-22,1094,292,3500,0,0,0,0,0,0,1
Obama,2012,rasmussen-13319,Rasmussen,13319,38,44,18,2012-01-09,2012-01-15,1087,299,3500,0,0,0,0,0,0,1
Obama,2012,democracy-corps-d-12463,Democracy Corps (D),12463,47,44,0,2012-01-08,2012-01-11,1084.5,301.5,1000,0,0,1,0,0,0,1
Obama,2012,ipsos-reuters-12444,Ipsos/Reuters,12444,48,44,7,2012-01-05,2012-01-09,1082,304,896,0,0,0,0,0,1,0
Obama,2012,rasmussen-12443,Rasmussen,12443,38,44,19,2012-01-02,2012-01-08,1080,306,3500,0,0,0,0,0,0,1
,,,,,,,,,,,,,,,,,,,
,,,,,,,,,,,,,,,,,,,
,,,,,,,,,,,#VALUE!,,,,,,,,